# Blender 5.1.1
# www.blender.org
mtllib outer_mast.mtl
o outer_mast
v -0.021357 -0.015397 0.157507
v -0.021198 -0.015397 0.157494
v -0.017258 -0.015397 0.146098
v -0.016958 -0.015397 0.156926
v -0.015458 -0.015397 0.156926
v -0.015458 -0.015397 0.129305
v -0.017258 -0.015397 0.129305
v -0.020725 -0.015397 0.157558
v -0.020575 -0.015397 0.157611
v -0.020880 -0.015397 0.157519
v -0.020170 -0.015397 0.157864
v -0.020056 -0.015397 0.157976
v -0.021038 -0.015397 0.157499
v -0.019954 -0.015397 0.158098
v -0.019866 -0.015397 0.158232
v -0.019792 -0.015397 0.158374
v -0.017258 -0.015397 0.163491
v -0.020296 -0.015397 0.160220
v -0.020431 -0.015397 0.160304
v -0.020575 -0.015397 0.160374
v -0.020725 -0.015397 0.160429
v -0.020880 -0.015397 0.160466
v -0.021514 -0.015397 0.160450
v -0.021667 -0.015397 0.160403
v -0.025658 -0.015397 0.163491
v -0.021814 -0.015397 0.160342
v -0.022084 -0.015397 0.157813
v -0.021954 -0.015397 0.157722
v -0.025658 -0.015397 0.154495
v -0.020431 -0.015397 0.157681
v -0.020296 -0.015397 0.157766
v -0.019734 -0.015397 0.158522
v -0.019692 -0.015397 0.158676
v -0.019666 -0.015397 0.158834
v -0.019792 -0.015397 0.159613
v -0.019866 -0.015397 0.159754
v -0.016958 -0.015397 0.163491
v -0.021038 -0.015397 0.160488
v -0.021198 -0.015397 0.160492
v -0.021357 -0.015397 0.160479
v -0.021954 -0.015397 0.160264
v -0.022084 -0.015397 0.160172
v -0.022204 -0.015397 0.160067
v -0.021814 -0.015397 0.157645
v -0.021667 -0.015397 0.157582
v -0.021514 -0.015397 0.157536
v -0.019734 -0.015397 0.159464
v -0.019954 -0.015397 0.159887
v -0.020056 -0.015397 0.160010
v -0.020170 -0.015397 0.160121
v -0.022313 -0.015397 0.159950
v -0.022408 -0.015397 0.159822
v -0.022489 -0.015397 0.159684
v -0.022555 -0.015397 0.159539
v -0.022605 -0.015397 0.159387
v -0.022639 -0.015397 0.159231
v -0.019658 -0.015397 0.158993
v -0.019666 -0.015397 0.159152
v -0.019692 -0.015397 0.159310
v -0.022639 -0.015397 0.158754
v -0.022605 -0.015397 0.158598
v -0.022555 -0.015397 0.158447
v -0.022489 -0.015397 0.158301
v -0.022408 -0.015397 0.158164
v -0.022313 -0.015397 0.158036
v -0.022204 -0.015397 0.157919
v -0.022656 -0.015397 0.159073
v -0.022658 -0.015397 0.158993
v -0.022656 -0.015397 0.158913
v -0.017258 -0.006887 0.163491
v -0.016958 -0.006887 0.163491
v -0.021511 -0.006887 0.157331
v -0.021683 -0.006887 0.157377
v -0.025658 -0.006887 0.155727
v -0.020467 -0.006887 0.157441
v -0.020633 -0.006887 0.157377
v -0.016958 -0.006887 0.155727
v -0.020805 -0.006887 0.157331
v -0.019467 -0.006887 0.158815
v -0.019495 -0.006887 0.158639
v -0.020980 -0.006887 0.157303
v -0.021158 -0.006887 0.157294
v -0.021336 -0.006887 0.157303
v -0.019541 -0.006887 0.158468
v -0.019605 -0.006887 0.158301
v -0.019686 -0.006887 0.158144
v -0.019783 -0.006887 0.157995
v -0.019895 -0.006887 0.157855
v -0.020020 -0.006887 0.157730
v -0.019458 -0.006887 0.158993
v -0.019458 -0.006887 0.163491
v -0.020159 -0.006887 0.157618
v -0.020308 -0.006887 0.157521
v -0.022775 -0.006887 0.158468
v -0.022821 -0.006887 0.158639
v -0.021849 -0.006887 0.157441
v -0.022008 -0.006887 0.157521
v -0.022157 -0.006887 0.157618
v -0.022295 -0.006887 0.157730
v -0.022421 -0.006887 0.157855
v -0.022533 -0.006887 0.157995
v -0.022630 -0.006887 0.158144
v -0.022711 -0.006887 0.158301
v -0.022858 -0.006887 0.163491
v -0.025658 -0.006887 0.163491
v -0.022858 -0.006887 0.158993
v -0.022849 -0.006887 0.158815
v -0.014655 0.028763 0.003156
v -0.014655 0.012663 0.003156
v -0.014634 0.012663 0.003138
v -0.010660 0.012663 0.003156
v -0.010660 0.020483 0.003156
v -0.010819 0.012663 0.003037
v -0.010819 0.020483 0.003037
v -0.011107 0.012663 0.002856
v -0.011107 0.020483 0.002856
v -0.011414 0.012663 0.002708
v -0.011414 0.020483 0.002708
v -0.011734 0.012663 0.002592
v -0.011734 0.020483 0.002592
v -0.012065 0.012663 0.002511
v -0.012065 0.020483 0.002511
v -0.012403 0.012663 0.002466
v -0.012403 0.020483 0.002466
v -0.012743 0.012663 0.002457
v -0.012743 0.020483 0.002457
v -0.013083 0.012663 0.002484
v -0.013083 0.020483 0.002484
v -0.013417 0.012663 0.002547
v -0.013417 0.020483 0.002547
v -0.013744 0.012663 0.002645
v -0.013744 0.020483 0.002645
v -0.014057 0.012663 0.002777
v -0.014634 0.030833 0.003138
v -0.014890 0.030833 0.003362
v -0.014858 0.028763 0.003331
v -0.014890 0.030833 0.007946
v -0.014890 0.022783 0.007946
v -0.015121 0.030833 0.007696
v -0.015121 0.022783 0.007696
v -0.015325 0.030833 0.007423
v -0.015325 0.022783 0.007423
v -0.015497 0.030833 0.007130
v -0.015497 0.022783 0.007130
v -0.015638 0.030833 0.006819
v -0.015638 0.022783 0.006819
v -0.015745 0.030833 0.006495
v -0.015745 0.022783 0.006495
v -0.015817 0.030833 0.006163
v -0.015817 0.022783 0.006163
v -0.015853 0.030833 0.005824
v -0.015853 0.022783 0.005824
v -0.015853 0.030833 0.005484
v -0.015853 0.022783 0.005484
v -0.015817 0.030833 0.005146
v -0.015817 0.022783 0.005146
v -0.015745 0.030833 0.004813
v -0.015745 0.022783 0.004813
v -0.015638 0.030833 0.004489
v -0.015638 0.022783 0.004489
v -0.015497 0.030833 0.004180
v -0.015497 0.022783 0.004180
v -0.015325 0.030833 0.003886
v -0.015325 0.022783 0.003886
v -0.015121 0.030833 0.003612
v -0.015121 0.022783 0.003612
v -0.014890 0.022783 0.003362
v -0.014858 0.022783 0.003331
v -0.014858 0.022783 0.007977
v -0.014858 0.028763 0.007977
v -0.014634 0.028763 0.008170
v -0.014634 0.030833 0.008170
v -0.014355 0.028763 0.008366
v -0.014355 0.030833 0.008366
v -0.014057 0.028763 0.008531
v -0.014057 0.030833 0.008531
v -0.013744 0.028763 0.008663
v -0.013744 0.030833 0.008663
v -0.013417 0.028763 0.008761
v -0.013417 0.030833 0.008761
v -0.013083 0.028763 0.008825
v -0.013083 0.030833 0.008825
v -0.012743 0.028763 0.008852
v -0.012743 0.030833 0.008852
v -0.012403 0.028763 0.008843
v -0.012403 0.030833 0.008843
v -0.012065 0.028763 0.008797
v -0.012065 0.030833 0.008797
v -0.011734 0.028763 0.008717
v -0.011734 0.030833 0.008717
v -0.011414 0.028763 0.008601
v -0.011414 0.030833 0.008601
v -0.011107 0.028763 0.008453
v -0.011107 0.030833 0.008453
v -0.010819 0.028763 0.008272
v -0.010819 0.030833 0.008272
v -0.010551 0.028763 0.008061
v -0.010551 0.030833 0.008061
v -0.010307 0.028763 0.007824
v -0.010307 0.030833 0.007824
v -0.010089 0.028763 0.007562
v -0.010089 0.030833 0.007562
v -0.009901 0.028763 0.007278
v -0.009901 0.030833 0.007278
v -0.009744 0.028763 0.006976
v -0.009744 0.030833 0.006976
v -0.009620 0.028763 0.006659
v -0.009620 0.030833 0.006659
v -0.009530 0.028763 0.006331
v -0.009530 0.030833 0.006331
v -0.009476 0.028763 0.005995
v -0.009476 0.030833 0.005995
v -0.009458 0.028763 0.005655
v -0.009458 0.030833 0.005655
v -0.009476 0.028763 0.005315
v -0.009476 0.030833 0.005315
v -0.009530 0.028763 0.004978
v -0.009530 0.030833 0.004978
v -0.009620 0.028763 0.004650
v -0.009620 0.030833 0.004650
v -0.009744 0.028763 0.004333
v -0.009744 0.030833 0.004333
v -0.009901 0.028763 0.004031
v -0.009901 0.030833 0.004031
v -0.010089 0.028763 0.003747
v -0.010089 0.030833 0.003747
v -0.010307 0.028763 0.003485
v -0.010307 0.030833 0.003485
v -0.010551 0.028763 0.003247
v -0.010551 0.030833 0.003247
v -0.010819 0.028763 0.003037
v -0.010819 0.030833 0.003037
v -0.011107 0.028763 0.002856
v -0.011107 0.030833 0.002856
v -0.011414 0.028763 0.002708
v -0.011414 0.030833 0.002708
v -0.011734 0.028763 0.002592
v -0.011734 0.030833 0.002592
v -0.012065 0.028763 0.002511
v -0.012065 0.030833 0.002511
v -0.012403 0.028763 0.002466
v -0.012403 0.030833 0.002466
v -0.012743 0.028763 0.002457
v -0.012743 0.030833 0.002457
v -0.013083 0.028763 0.002484
v -0.013083 0.030833 0.002484
v -0.013417 0.028763 0.002547
v -0.013417 0.030833 0.002547
v -0.013744 0.028763 0.002645
v -0.013744 0.030833 0.002645
v -0.013855 0.028763 0.002688
v -0.014057 0.030833 0.002777
v -0.013855 0.020483 0.002688
v -0.014355 0.030833 0.002943
v -0.014355 0.012663 0.002943
v -0.016658 0.030833 0.000657
v -0.013855 0.028763 0.000657
v -0.013855 0.020483 0.000657
v -0.014230 0.030833 0.000657
v -0.012477 0.030833 0.000657
v -0.003258 0.028763 0.000657
v -0.005269 0.030833 0.000657
v -0.004837 0.030833 0.000657
v -0.002658 0.030833 0.000657
v -0.003258 0.020483 0.000657
v -0.002658 0.009213 0.000657
v -0.016658 0.009213 0.000657
v -0.002658 -0.031267 0.000657
v -0.003258 -0.029197 0.000657
v -0.003258 -0.020917 0.000657
v -0.004769 -0.031267 0.000657
v -0.004894 -0.031267 0.000657
v -0.013855 -0.029197 0.000657
v -0.012311 -0.031267 0.000657
v -0.014176 -0.031267 0.000657
v -0.016658 -0.031267 0.000657
v -0.013855 -0.020917 0.000657
v -0.016658 -0.009647 0.000657
v -0.002658 -0.009647 0.000657
v -0.002458 -0.025517 0.003156
v -0.000658 -0.025517 0.003156
v -0.000658 -0.013097 0.003156
v -0.010660 -0.013097 0.003156
v -0.010660 -0.020917 0.003156
v -0.003258 -0.020917 0.003156
v -0.003258 -0.029197 0.003156
v -0.002458 -0.029197 0.003156
v -0.003366 -0.009647 0.013152
v -0.013949 -0.009647 0.013152
v -0.013303 -0.009647 0.012638
v -0.011096 -0.009647 0.011533
v -0.010724 -0.009647 0.011424
v -0.012607 -0.009647 0.012194
v -0.011869 -0.009647 0.011825
v -0.008523 -0.009647 0.011153
v -0.007833 -0.009647 0.011195
v -0.004013 -0.009647 0.012638
v -0.007018 -0.009647 0.011322
v -0.006219 -0.009647 0.011533
v -0.005447 -0.009647 0.011825
v -0.004709 -0.009647 0.012194
v -0.006658 0.001060 0.011134
v -0.006658 0.000930 0.011087
v -0.006658 0.002268 0.010994
v -0.006658 0.002023 0.011111
v -0.006658 0.001890 0.011153
v -0.006658 0.001194 0.011169
v -0.006658 0.000646 0.010924
v -0.006658 0.002370 0.010924
v -0.006658 0.000692 0.010956
v -0.006658 0.000807 0.011027
v -0.006658 0.002149 0.011058
v -0.006658 0.001753 0.011182
v -0.006658 0.001614 0.011198
v -0.006658 0.001333 0.011192
v -0.006658 0.001473 0.011201
v -0.006265 0.000586 0.010876
v -0.004658 0.002617 0.010679
v -0.008658 0.002617 0.010679
v -0.008658 0.002648 0.010636
v -0.006603 0.002379 0.010917
v -0.003858 0.000335 0.010583
v -0.004658 0.000399 0.010679
v -0.003858 0.000406 0.010688
v -0.004732 0.000406 0.010688
v -0.003858 0.000490 0.010786
v -0.005533 0.000490 0.010786
v -0.003858 0.000586 0.010876
v -0.003858 0.000692 0.010956
v -0.003858 0.000807 0.011027
v -0.003858 0.000930 0.011087
v -0.003858 0.001060 0.011134
v -0.003858 0.001194 0.011169
v -0.003858 0.001333 0.011192
v -0.003858 0.001473 0.011201
v -0.003858 0.001614 0.011198
v -0.003858 0.001753 0.011182
v -0.003858 0.001890 0.011153
v -0.003858 0.002023 0.011111
v -0.003858 0.002149 0.011058
v -0.003858 0.002268 0.010994
v -0.008658 0.000399 0.010679
v -0.008658 0.000335 0.010583
v -0.008658 0.000277 0.010471
v -0.003858 0.000277 0.010471
v -0.008658 0.000232 0.010355
v -0.003858 0.000232 0.010355
v -0.008658 0.000203 0.010235
v -0.003858 0.000203 0.010235
v -0.008658 0.000188 0.010114
v -0.003858 0.000188 0.010114
v -0.008658 0.000188 0.009991
v -0.003858 0.000188 0.009991
v -0.008658 0.000203 0.009870
v -0.003858 0.000203 0.009870
v -0.008658 0.000232 0.009750
v -0.003858 0.000232 0.009750
v -0.008658 0.000277 0.009634
v -0.003858 0.000277 0.009634
v -0.008658 0.000335 0.009523
v -0.003858 0.000335 0.009523
v -0.008658 0.000406 0.009417
v -0.003858 0.000406 0.009417
v -0.008658 0.000490 0.009319
v -0.003858 0.000490 0.009319
v -0.008658 0.000586 0.009229
v -0.003858 0.000586 0.009229
v -0.008658 0.000692 0.009148
v -0.003858 0.000692 0.009148
v -0.008658 0.000807 0.009078
v -0.003858 0.000807 0.009078
v -0.008658 0.000930 0.009019
v -0.003858 0.000930 0.009019
v -0.008658 0.001060 0.008971
v -0.003858 0.001060 0.008971
v -0.008658 0.001194 0.008936
v -0.003858 0.001194 0.008936
v -0.008658 0.001333 0.008913
v -0.003858 0.001333 0.008913
v -0.008658 0.001473 0.008903
v -0.003858 0.001473 0.008903
v -0.008658 0.001614 0.008906
v -0.003858 0.001614 0.008906
v -0.008658 0.001753 0.008923
v -0.003858 0.001753 0.008923
v -0.008658 0.001890 0.008952
v -0.003858 0.001890 0.008952
v -0.008658 0.002023 0.008993
v -0.003858 0.002023 0.008993
v -0.008658 0.002149 0.009047
v -0.003858 0.002149 0.009047
v -0.008658 0.002268 0.009112
v -0.003858 0.002268 0.009112
v -0.008658 0.002379 0.009188
v -0.003858 0.002379 0.009188
v -0.008658 0.002480 0.009273
v -0.003858 0.002480 0.009273
v -0.008658 0.002570 0.009367
v -0.003858 0.002570 0.009367
v -0.008658 0.002648 0.009469
v -0.003858 0.002648 0.009469
v -0.008658 0.002713 0.009578
v -0.003858 0.002713 0.009578
v -0.008658 0.002764 0.009691
v -0.003858 0.002764 0.009691
v -0.008658 0.002801 0.009810
v -0.003858 0.002801 0.009810
v -0.008658 0.002823 0.009930
v -0.003858 0.002823 0.009930
v -0.008658 0.002831 0.010053
v -0.003858 0.002831 0.010053
v -0.008658 0.002823 0.010174
v -0.003858 0.002823 0.010174
v -0.008658 0.002801 0.010296
v -0.003858 0.002801 0.010296
v -0.008658 0.002764 0.010413
v -0.003858 0.002764 0.010413
v -0.008658 0.002713 0.010527
v -0.003858 0.002713 0.010527
v -0.003858 0.002648 0.010636
v -0.003858 0.002570 0.010738
v -0.005140 0.002570 0.010738
v -0.003858 0.002480 0.010832
v -0.005908 0.002480 0.010832
v -0.003858 0.002379 0.010917
v -0.008658 -0.009647 0.010679
v -0.004658 -0.009647 0.010679
v -0.011177 -0.013097 0.005415
v -0.011160 -0.013097 0.005574
v -0.011160 -0.009647 0.005574
v -0.011158 -0.013097 0.005655
v -0.011160 -0.009647 0.005734
v -0.011160 -0.013097 0.005734
v -0.011177 -0.009647 0.005893
v -0.011177 -0.013097 0.005893
v -0.011211 -0.009647 0.006049
v -0.011211 -0.013097 0.006049
v -0.011261 -0.009647 0.006200
v -0.011261 -0.013097 0.006200
v -0.011327 -0.009647 0.006346
v -0.011327 -0.013097 0.006346
v -0.011408 -0.009647 0.006483
v -0.011408 -0.013097 0.006483
v -0.011503 -0.009647 0.006611
v -0.011503 -0.013097 0.006611
v -0.011612 -0.009647 0.006729
v -0.011612 -0.013097 0.006729
v -0.011732 -0.009647 0.006834
v -0.011732 -0.013097 0.006834
v -0.011862 -0.009647 0.006926
v -0.011862 -0.013097 0.006926
v -0.012002 -0.009647 0.007003
v -0.012002 -0.013097 0.007003
v -0.012149 -0.009647 0.007065
v -0.012149 -0.013097 0.007065
v -0.012302 -0.009647 0.007111
v -0.012302 -0.013097 0.007111
v -0.012459 -0.009647 0.007140
v -0.012459 -0.013097 0.007140
v -0.012618 -0.009647 0.007153
v -0.012618 -0.013097 0.007153
v -0.012778 -0.009647 0.007149
v -0.012778 -0.013097 0.007149
v -0.012936 -0.009647 0.007128
v -0.012936 -0.013097 0.007128
v -0.013091 -0.009647 0.007090
v -0.013091 -0.013097 0.007090
v -0.013241 -0.009647 0.007035
v -0.013241 -0.013097 0.007035
v -0.013385 -0.009647 0.006966
v -0.013385 -0.013097 0.006966
v -0.013520 -0.009647 0.006882
v -0.013520 -0.013097 0.006882
v -0.013646 -0.009647 0.006783
v -0.013646 -0.013097 0.006783
v -0.013760 -0.009647 0.006672
v -0.013760 -0.013097 0.006672
v -0.013862 -0.009647 0.006548
v -0.013862 -0.013097 0.006548
v -0.013950 -0.009647 0.006415
v -0.013950 -0.013097 0.006415
v -0.014024 -0.009647 0.006274
v -0.014024 -0.013097 0.006274
v -0.014082 -0.009647 0.006125
v -0.014082 -0.013097 0.006125
v -0.014124 -0.009647 0.005971
v -0.014124 -0.013097 0.005971
v -0.014149 -0.009647 0.005813
v -0.014149 -0.013097 0.005813
v -0.014158 -0.009647 0.005655
v -0.014158 -0.013097 0.005655
v -0.014149 -0.009647 0.005495
v -0.014149 -0.013097 0.005495
v -0.014124 -0.009647 0.005337
v -0.014124 -0.013097 0.005337
v -0.014082 -0.009647 0.005183
v -0.014082 -0.013097 0.005183
v -0.014024 -0.009647 0.005034
v -0.014024 -0.013097 0.005034
v -0.013950 -0.009647 0.004893
v -0.013950 -0.013097 0.004893
v -0.013862 -0.009647 0.004760
v -0.013862 -0.013097 0.004760
v -0.013760 -0.009647 0.004637
v -0.013760 -0.013097 0.004637
v -0.013646 -0.009647 0.004526
v -0.013646 -0.013097 0.004526
v -0.013520 -0.009647 0.004428
v -0.013520 -0.013097 0.004428
v -0.013385 -0.009647 0.004342
v -0.013385 -0.013097 0.004342
v -0.013241 -0.009647 0.004273
v -0.013241 -0.013097 0.004273
v -0.013091 -0.009647 0.004219
v -0.013091 -0.013097 0.004219
v -0.012936 -0.009647 0.004181
v -0.012936 -0.013097 0.004181
v -0.012778 -0.009647 0.004160
v -0.012778 -0.013097 0.004160
v -0.012618 -0.009647 0.004155
v -0.012618 -0.013097 0.004155
v -0.012459 -0.009647 0.004168
v -0.012459 -0.013097 0.004168
v -0.012302 -0.009647 0.004197
v -0.012302 -0.013097 0.004197
v -0.012149 -0.009647 0.004243
v -0.012149 -0.013097 0.004243
v -0.012002 -0.009647 0.004306
v -0.012002 -0.013097 0.004306
v -0.011862 -0.009647 0.004384
v -0.011862 -0.013097 0.004384
v -0.011732 -0.009647 0.004475
v -0.011732 -0.013097 0.004475
v -0.011612 -0.009647 0.004581
v -0.011612 -0.013097 0.004581
v -0.011503 -0.009647 0.004697
v -0.011503 -0.013097 0.004697
v -0.011408 -0.009647 0.004826
v -0.011408 -0.013097 0.004826
v -0.011327 -0.009647 0.004963
v -0.011327 -0.013097 0.004963
v -0.011261 -0.009647 0.005109
v -0.011261 -0.013097 0.005109
v -0.011211 -0.009647 0.005260
v -0.011211 -0.013097 0.005260
v -0.011177 -0.009647 0.005415
v -0.008658 0.009213 0.010679
v -0.004658 0.009213 0.010679
v -0.008658 0.009213 0.006954
v -0.008658 -0.009647 0.006954
v -0.013949 -0.013097 0.013152
v -0.013303 -0.013097 0.012638
v -0.012607 -0.013097 0.012194
v -0.011869 -0.013097 0.011825
v -0.011096 -0.013097 0.011533
v -0.010298 -0.013097 0.011322
v -0.007833 -0.013097 0.011195
v -0.008658 -0.013097 0.011152
v -0.008658 -0.009647 0.011152
v -0.009482 -0.013097 0.011195
v -0.009482 -0.009647 0.011195
v -0.010298 -0.009647 0.011322
v -0.003366 -0.013097 0.013152
v -0.004013 -0.013097 0.012638
v -0.004709 -0.013097 0.012194
v -0.005447 -0.013097 0.011825
v -0.006219 -0.013097 0.011533
v -0.007018 -0.013097 0.011322
v -0.003858 0.007258 0.013152
v -0.003858 -0.004242 0.006954
v -0.003858 -0.004242 0.013152
v -0.003858 0.007258 0.006954
v -0.014158 0.009213 0.005655
v -0.014158 0.012663 0.005655
v -0.014149 0.009213 0.005813
v -0.014149 0.012663 0.005813
v -0.014124 0.009213 0.005971
v -0.014124 0.012663 0.005971
v -0.014082 0.009213 0.006125
v -0.014082 0.012663 0.006125
v -0.014024 0.009213 0.006274
v -0.014024 0.012663 0.006274
v -0.013950 0.009213 0.006415
v -0.013950 0.012663 0.006415
v -0.013862 0.009213 0.006548
v -0.013862 0.012663 0.006548
v -0.013760 0.009213 0.006672
v -0.013760 0.012663 0.006672
v -0.013646 0.009213 0.006783
v -0.013646 0.012663 0.006783
v -0.013520 0.009213 0.006882
v -0.013520 0.012663 0.006882
v -0.013385 0.009213 0.006966
v -0.013385 0.012663 0.006966
v -0.013241 0.009213 0.007035
v -0.013241 0.012663 0.007035
v -0.013091 0.009213 0.007090
v -0.013091 0.012663 0.007090
v -0.012936 0.009213 0.007128
v -0.012936 0.012663 0.007128
v -0.012778 0.009213 0.007149
v -0.012778 0.012663 0.007149
v -0.012618 0.009213 0.007153
v -0.012618 0.012663 0.007153
v -0.012459 0.009213 0.007140
v -0.012459 0.012663 0.007140
v -0.012302 0.009213 0.007111
v -0.012302 0.012663 0.007111
v -0.012149 0.009213 0.007065
v -0.012149 0.012663 0.007065
v -0.012002 0.009213 0.007003
v -0.012002 0.012663 0.007003
v -0.011862 0.009213 0.006926
v -0.011862 0.012663 0.006926
v -0.011732 0.009213 0.006834
v -0.011732 0.012663 0.006834
v -0.011612 0.009213 0.006729
v -0.011612 0.012663 0.006729
v -0.011503 0.009213 0.006611
v -0.011503 0.012663 0.006611
v -0.011408 0.009213 0.006483
v -0.011408 0.012663 0.006483
v -0.011327 0.009213 0.006346
v -0.011327 0.012663 0.006346
v -0.011261 0.009213 0.006200
v -0.011261 0.012663 0.006200
v -0.011211 0.009213 0.006049
v -0.011211 0.012663 0.006049
v -0.011177 0.009213 0.005893
v -0.011177 0.012663 0.005893
v -0.011160 0.009213 0.005734
v -0.011160 0.012663 0.005734
v -0.011160 0.009213 0.005574
v -0.011160 0.012663 0.005574
v -0.011177 0.009213 0.005415
v -0.011177 0.012663 0.005415
v -0.011211 0.009213 0.005260
v -0.011211 0.012663 0.005260
v -0.011261 0.009213 0.005109
v -0.011261 0.012663 0.005109
v -0.011327 0.009213 0.004963
v -0.011327 0.012663 0.004963
v -0.011408 0.009213 0.004826
v -0.011408 0.012663 0.004826
v -0.011503 0.009213 0.004697
v -0.011503 0.012663 0.004697
v -0.011612 0.009213 0.004581
v -0.011612 0.012663 0.004581
v -0.011732 0.009213 0.004475
v -0.011732 0.012663 0.004475
v -0.011862 0.009213 0.004384
v -0.011862 0.012663 0.004384
v -0.012002 0.009213 0.004306
v -0.012002 0.012663 0.004306
v -0.012149 0.009213 0.004243
v -0.012149 0.012663 0.004243
v -0.012302 0.009213 0.004197
v -0.012302 0.012663 0.004197
v -0.012459 0.009213 0.004168
v -0.012459 0.012663 0.004168
v -0.012618 0.009213 0.004155
v -0.012618 0.012663 0.004155
v -0.012778 0.009213 0.004160
v -0.012778 0.012663 0.004160
v -0.012936 0.009213 0.004181
v -0.012936 0.012663 0.004181
v -0.013091 0.009213 0.004219
v -0.013091 0.012663 0.004219
v -0.013241 0.009213 0.004273
v -0.013241 0.012663 0.004273
v -0.013385 0.009213 0.004342
v -0.013385 0.012663 0.004342
v -0.013520 0.009213 0.004428
v -0.013520 0.012663 0.004428
v -0.013646 0.009213 0.004526
v -0.013646 0.012663 0.004526
v -0.013760 0.009213 0.004637
v -0.013760 0.012663 0.004637
v -0.013862 0.009213 0.004760
v -0.013862 0.012663 0.004760
v -0.013950 0.009213 0.004893
v -0.013950 0.012663 0.004893
v -0.014024 0.009213 0.005034
v -0.014024 0.012663 0.005034
v -0.014082 0.009213 0.005183
v -0.014082 0.012663 0.005183
v -0.014124 0.009213 0.005337
v -0.014124 0.012663 0.005337
v -0.014149 0.009213 0.005495
v -0.014149 0.012663 0.005495
v -0.021008 0.019333 0.053336
v -0.021008 0.022783 0.053336
v -0.021001 0.019333 0.053457
v -0.021001 0.022783 0.053457
v -0.020982 0.019333 0.053579
v -0.020982 0.022783 0.053579
v -0.020950 0.019333 0.053696
v -0.020950 0.022783 0.053696
v -0.020905 0.019333 0.053810
v -0.020905 0.022783 0.053810
v -0.020849 0.019333 0.053919
v -0.020849 0.022783 0.053919
v -0.020781 0.019333 0.054021
v -0.020781 0.022783 0.054021
v -0.020703 0.019333 0.054115
v -0.020703 0.022783 0.054115
v -0.020615 0.019333 0.054200
v -0.020615 0.022783 0.054200
v -0.020519 0.019333 0.054276
v -0.020519 0.022783 0.054276
v -0.020415 0.019333 0.054341
v -0.020415 0.022783 0.054341
v -0.020305 0.019333 0.054394
v -0.020305 0.022783 0.054394
v -0.020190 0.019333 0.054436
v -0.020190 0.022783 0.054436
v -0.020071 0.019333 0.054464
v -0.020071 0.022783 0.054464
v -0.019950 0.019333 0.054481
v -0.019950 0.022783 0.054481
v -0.019827 0.019333 0.054484
v -0.019827 0.022783 0.054484
v -0.019705 0.019333 0.054474
v -0.019705 0.022783 0.054474
v -0.019585 0.019333 0.054452
v -0.019585 0.022783 0.054452
v -0.019468 0.019333 0.054416
v -0.019468 0.022783 0.054416
v -0.019355 0.019333 0.054369
v -0.019355 0.022783 0.054369
v -0.019248 0.019333 0.054310
v -0.019248 0.022783 0.054310
v -0.019148 0.019333 0.054239
v -0.019148 0.022783 0.054239
v -0.019056 0.019333 0.054159
v -0.019056 0.022783 0.054159
v -0.018973 0.019333 0.054069
v -0.018973 0.022783 0.054069
v -0.018900 0.019333 0.053971
v -0.018900 0.022783 0.053971
v -0.018838 0.019333 0.053866
v -0.018838 0.022783 0.053866
v -0.018787 0.019333 0.053754
v -0.018787 0.022783 0.053754
v -0.018748 0.019333 0.053637
v -0.018748 0.022783 0.053637
v -0.018723 0.019333 0.053518
v -0.018723 0.022783 0.053518
v -0.018710 0.019333 0.053396
v -0.018710 0.022783 0.053396
v -0.018710 0.019333 0.053274
v -0.018710 0.022783 0.053274
v -0.018723 0.019333 0.053152
v -0.018723 0.022783 0.053152
v -0.018748 0.019333 0.053033
v -0.018748 0.022783 0.053033
v -0.018787 0.019333 0.052917
v -0.018787 0.022783 0.052917
v -0.018838 0.019333 0.052805
v -0.018838 0.022783 0.052805
v -0.018900 0.019333 0.052700
v -0.018900 0.022783 0.052700
v -0.018973 0.019333 0.052602
v -0.018973 0.022783 0.052602
v -0.019056 0.019333 0.052511
v -0.019056 0.022783 0.052511
v -0.019148 0.019333 0.052431
v -0.019148 0.022783 0.052431
v -0.019248 0.019333 0.052360
v -0.019248 0.022783 0.052360
v -0.019355 0.019333 0.052302
v -0.019355 0.022783 0.052302
v -0.019468 0.019333 0.052254
v -0.019468 0.022783 0.052254
v -0.019585 0.019333 0.052218
v -0.019585 0.022783 0.052218
v -0.019705 0.019333 0.052196
v -0.019705 0.022783 0.052196
v -0.019827 0.019333 0.052186
v -0.019827 0.022783 0.052186
v -0.019950 0.019333 0.052189
v -0.019950 0.022783 0.052189
v -0.020071 0.019333 0.052206
v -0.020071 0.022783 0.052206
v -0.020190 0.019333 0.052235
v -0.020190 0.022783 0.052235
v -0.020305 0.019333 0.052276
v -0.020305 0.022783 0.052276
v -0.020415 0.019333 0.052330
v -0.020415 0.022783 0.052330
v -0.020519 0.019333 0.052395
v -0.020519 0.022783 0.052395
v -0.020615 0.019333 0.052470
v -0.020615 0.022783 0.052470
v -0.020703 0.019333 0.052555
v -0.020703 0.022783 0.052555
v -0.020781 0.019333 0.052650
v -0.020781 0.022783 0.052650
v -0.020849 0.019333 0.052751
v -0.020849 0.022783 0.052751
v -0.020905 0.019333 0.052860
v -0.020905 0.022783 0.052860
v -0.020950 0.019333 0.052974
v -0.020950 0.022783 0.052974
v -0.020982 0.019333 0.053092
v -0.020982 0.022783 0.053092
v -0.021001 0.019333 0.053213
v -0.021001 0.022783 0.053213
v -0.023058 0.019333 0.050137
v -0.023058 0.019333 0.056534
v -0.023058 0.022783 0.050137
v -0.023058 0.022783 0.056534
v -0.014058 -0.009647 0.013152
v -0.016658 -0.009647 0.013152
v -0.016658 -0.013097 0.013152
v -0.000658 -0.013097 0.013152
v -0.000658 -0.004242 0.013152
v -0.014058 0.012663 0.013152
v -0.000658 0.012663 0.013152
v -0.000658 0.007258 0.013152
v -0.016658 -0.009647 0.012152
v -0.016658 0.009213 0.012152
v -0.014858 0.028763 0.003156
v -0.014858 0.022783 0.003156
v -0.016658 0.022783 0.003156
v -0.016658 0.012663 0.003156
v -0.014558 0.012663 0.028545
v -0.016658 0.012663 0.028545
v -0.014558 -0.009647 0.028545
v -0.016658 -0.009647 0.028545
v -0.014058 -0.009647 0.028046
v -0.016658 -0.004242 0.024747
v -0.016658 -0.004242 0.026946
v -0.014058 -0.004242 0.024747
v -0.014058 -0.004242 0.026946
v -0.016658 0.007258 0.026946
v -0.014058 0.007258 0.026946
v -0.016658 0.007258 0.024747
v -0.014058 0.007258 0.024747
v -0.015658 0.030833 0.030478
v -0.015658 0.022783 0.030478
v -0.015658 0.030833 0.041807
v -0.015658 0.022783 0.041807
v -0.016658 0.030833 0.022148
v -0.016658 0.022783 0.022148
v -0.016658 -0.013097 0.003156
v -0.014655 -0.013097 0.003156
v -0.010682 -0.013097 0.003138
v -0.010961 -0.013097 0.002943
v -0.011259 -0.013097 0.002777
v -0.011572 -0.013097 0.002645
v -0.011899 -0.013097 0.002547
v -0.012233 -0.013097 0.002484
v -0.012573 -0.013097 0.002457
v -0.012913 -0.013097 0.002466
v -0.013251 -0.013097 0.002511
v -0.013582 -0.013097 0.002592
v -0.013902 -0.013097 0.002708
v -0.014209 -0.013097 0.002856
v -0.014497 -0.013097 0.003037
v -0.000658 -0.004242 0.006954
v -0.000658 -0.009647 0.006954
v -0.000658 -0.009647 0.002656
v -0.000658 -0.031267 0.002656
v -0.000658 0.009213 0.002656
v -0.000658 0.030833 0.002656
v -0.000658 0.009213 0.006954
v -0.000658 0.007258 0.006954
v -0.000658 0.012663 0.003156
v -0.014058 0.012663 0.028046
v -0.015785 0.022783 0.042867
v -0.014858 0.022783 0.041940
v -0.014858 0.022250 0.041940
v -0.016779 0.019333 0.043860
v -0.014858 0.019333 0.044656
v -0.014858 0.019333 0.064731
v -0.016658 0.022783 0.050137
v -0.016658 0.022783 0.062932
v -0.016658 0.030833 0.050137
v -0.014858 0.022783 0.064731
v -0.016658 -0.031267 0.050137
v -0.016658 -0.023217 0.050137
v -0.015658 -0.031267 0.041807
v -0.015658 -0.023217 0.041807
v -0.015658 -0.031267 0.030478
v -0.015658 -0.023217 0.030478
v -0.016658 -0.031267 0.022148
v -0.016658 -0.023217 0.022148
v -0.003258 0.020483 0.003156
v -0.002458 0.028763 0.003156
v -0.003258 0.028763 0.003156
v -0.002458 0.025083 0.003156
v -0.000658 0.025083 0.003156
v -0.016658 0.022783 0.122508
v -0.014858 0.022783 0.122508
v -0.016658 0.023473 0.121908
v -0.016658 0.030833 0.170489
v -0.016658 0.030833 0.166990
v -0.016658 0.023473 0.170489
v -0.016658 0.030833 0.151720
v -0.016658 0.030833 0.135947
v -0.016658 0.030833 0.050853
v -0.016658 0.030833 0.104682
v -0.016658 0.030833 0.120342
v -0.002458 0.028763 0.170489
v -0.014858 0.028763 0.170489
v -0.002458 0.025083 0.170489
v -0.000658 0.025083 0.170489
v -0.014858 0.022783 0.170489
v -0.000658 0.030833 0.050853
v -0.000658 0.030833 0.104682
v -0.000658 0.030833 0.120342
v -0.000658 0.030833 0.135947
v -0.000658 0.030833 0.151720
v -0.000658 0.030833 0.166990
v -0.000658 0.030833 0.170489
v -0.005456 0.030833 0.141398
v -0.005276 0.030833 0.141714
v -0.005269 0.030833 0.135947
v -0.012602 0.030833 0.108513
v -0.012477 0.030833 0.108513
v -0.012477 0.030833 0.104682
v -0.007547 0.030833 0.092853
v -0.007547 0.030833 0.096185
v -0.005269 0.030833 0.100129
v -0.005269 0.030833 0.104682
v -0.010328 0.030833 0.100850
v -0.012464 0.030833 0.100850
v -0.012477 0.030833 0.050853
v -0.008931 0.030833 0.098185
v -0.007531 0.030833 0.100850
v -0.005269 0.030833 0.100850
v -0.004852 0.030833 0.100850
v -0.008477 0.030833 0.111416
v -0.007714 0.030833 0.110358
v -0.009911 0.030833 0.108513
v -0.007714 0.030833 0.108513
v -0.005380 0.030833 0.116510
v -0.005269 0.030833 0.120342
v -0.005380 0.030833 0.108513
v -0.012158 0.030833 0.116510
v -0.012477 0.030833 0.120342
v -0.009946 0.030833 0.116510
v -0.007714 0.030833 0.116510
v -0.007714 0.030833 0.113230
v -0.009663 0.030833 0.124174
v -0.008387 0.030833 0.127283
v -0.007602 0.030833 0.127283
v -0.007602 0.030833 0.124174
v -0.011380 0.030833 0.131689
v -0.011575 0.030833 0.131549
v -0.012477 0.030833 0.135947
v -0.012380 0.030833 0.124174
v -0.011875 0.030833 0.128327
v -0.011756 0.030833 0.128210
v -0.012380 0.030833 0.129836
v -0.012365 0.030833 0.129521
v -0.012328 0.030833 0.129276
v -0.011553 0.030833 0.128050
v -0.011332 0.030833 0.127908
v -0.010934 0.030833 0.127700
v -0.009413 0.030833 0.132171
v -0.009960 0.030833 0.132144
v -0.010350 0.030833 0.132086
v -0.010656 0.030833 0.132013
v -0.010939 0.030833 0.131915
v -0.011182 0.030833 0.131804
v -0.011756 0.030833 0.131389
v -0.011904 0.030833 0.131229
v -0.012026 0.030833 0.131068
v -0.012122 0.030833 0.130912
v -0.012206 0.030833 0.130739
v -0.012275 0.030833 0.130554
v -0.012271 0.030833 0.129050
v -0.012189 0.030833 0.128821
v -0.012118 0.030833 0.128669
v -0.012042 0.030833 0.128541
v -0.011982 0.030833 0.128454
v -0.012328 0.030833 0.130353
v -0.012363 0.030833 0.130136
v -0.012379 0.030833 0.129901
v -0.005269 0.030833 0.132171
v -0.005158 0.030833 0.132171
v -0.004837 0.030833 0.135947
v -0.005158 0.030833 0.124174
v -0.004837 0.030833 0.120342
v -0.005269 0.030833 0.124174
v -0.005170 0.030833 0.145689
v -0.005323 0.030833 0.146014
v -0.005269 0.030833 0.151720
v -0.005512 0.030833 0.146334
v -0.011654 0.030833 0.146590
v -0.011868 0.030833 0.146292
v -0.012477 0.030833 0.151720
v -0.010598 0.030833 0.147487
v -0.010897 0.030833 0.147302
v -0.009612 0.030833 0.147850
v -0.009959 0.030833 0.147759
v -0.010277 0.030833 0.147643
v -0.007061 0.030833 0.147646
v -0.007381 0.030833 0.147761
v -0.007736 0.030833 0.147851
v -0.008202 0.030833 0.147920
v -0.008691 0.030833 0.147942
v -0.009154 0.030833 0.147919
v -0.012049 0.030833 0.145976
v -0.012197 0.030833 0.145642
v -0.012314 0.030833 0.145288
v -0.005759 0.030833 0.146670
v -0.006025 0.030833 0.146962
v -0.006255 0.030833 0.147167
v -0.011164 0.030833 0.147095
v -0.011429 0.030833 0.146847
v -0.006515 0.030833 0.147357
v -0.006773 0.030833 0.147511
v -0.004825 0.030833 0.143824
v -0.004851 0.030833 0.144380
v -0.004837 0.030833 0.151720
v -0.004921 0.030833 0.144863
v -0.005023 0.030833 0.145273
v -0.005124 0.030833 0.142059
v -0.005005 0.030833 0.142418
v -0.010539 0.030833 0.140171
v -0.010804 0.030833 0.140335
v -0.011097 0.030833 0.140557
v -0.007086 0.030833 0.140018
v -0.006786 0.030833 0.140160
v -0.006482 0.030833 0.140343
v -0.006204 0.030833 0.140551
v -0.005935 0.030833 0.140799
v -0.005678 0.030833 0.141088
v -0.012491 0.030833 0.143910
v -0.012457 0.030833 0.143254
v -0.012386 0.030833 0.142795
v -0.012269 0.030833 0.142337
v -0.012135 0.030833 0.141973
v -0.011961 0.030833 0.141609
v -0.011788 0.030833 0.141327
v -0.010237 0.030833 0.140024
v -0.009928 0.030833 0.139910
v -0.009564 0.030833 0.139813
v -0.008173 0.030833 0.139748
v -0.007773 0.030833 0.139808
v -0.007434 0.030833 0.139893
v -0.011540 0.030833 0.141000
v -0.011374 0.030833 0.140816
v -0.009187 0.030833 0.139751
v -0.008789 0.030833 0.139724
v -0.008667 0.030833 0.139723
v -0.005269 0.030833 0.050853
v -0.009991 0.030833 0.092853
v -0.009991 0.030833 0.096185
v -0.014230 0.030833 0.050853
v -0.004837 0.030833 0.050853
v -0.014230 0.030833 0.104682
v -0.014230 0.030833 0.120342
v -0.012477 0.030833 0.108766
v -0.004837 0.030833 0.104682
v -0.012418 0.030833 0.144824
v -0.012474 0.030833 0.144355
v -0.014230 0.030833 0.151720
v -0.014230 0.030833 0.135947
v -0.010075 0.030833 0.113626
v -0.004912 0.030833 0.142822
v -0.004850 0.030833 0.143276
v -0.004837 0.030833 0.166990
v -0.005269 0.030833 0.166990
v -0.008491 0.030833 0.161714
v -0.008491 0.030833 0.160270
v -0.011825 0.030833 0.161714
v -0.011047 0.030833 0.160270
v -0.008491 0.030833 0.158493
v -0.008491 0.030833 0.155495
v -0.011047 0.030833 0.158493
v -0.006047 0.030833 0.155495
v -0.006047 0.030833 0.163491
v -0.012477 0.030833 0.166990
v -0.011825 0.030833 0.163491
v -0.014230 0.030833 0.166990
v -0.004837 0.030833 0.170489
v -0.005269 0.030833 0.170489
v -0.012477 0.030833 0.170489
v -0.014230 0.030833 0.170489
v -0.016658 -0.031267 0.001556
v -0.016658 -0.023217 0.003156
v -0.014858 -0.029197 0.003156
v -0.014655 -0.029197 0.003156
v -0.014858 -0.023217 0.003156
v -0.015009 -0.023217 0.007824
v -0.014858 -0.023217 0.007977
v -0.014858 -0.029197 0.007977
v -0.015009 -0.031267 0.003485
v -0.015009 -0.023217 0.003485
v -0.015227 -0.031267 0.003747
v -0.015227 -0.023217 0.003747
v -0.015415 -0.031267 0.004031
v -0.015415 -0.023217 0.004031
v -0.015572 -0.031267 0.004333
v -0.015572 -0.023217 0.004333
v -0.015696 -0.031267 0.004650
v -0.015696 -0.023217 0.004650
v -0.015786 -0.031267 0.004978
v -0.015786 -0.023217 0.004978
v -0.015840 -0.031267 0.005315
v -0.015840 -0.023217 0.005315
v -0.015858 -0.031267 0.005655
v -0.015858 -0.023217 0.005655
v -0.015840 -0.031267 0.005995
v -0.015840 -0.023217 0.005995
v -0.015786 -0.031267 0.006331
v -0.015786 -0.023217 0.006331
v -0.015696 -0.031267 0.006659
v -0.015696 -0.023217 0.006659
v -0.015572 -0.031267 0.006976
v -0.015572 -0.023217 0.006976
v -0.015415 -0.031267 0.007278
v -0.015415 -0.023217 0.007278
v -0.015227 -0.031267 0.007562
v -0.015227 -0.023217 0.007562
v -0.015009 -0.031267 0.007824
v -0.014858 -0.023217 0.003331
v -0.014858 -0.029197 0.003331
v -0.014765 -0.029197 0.003247
v -0.014765 -0.031267 0.003247
v -0.014497 -0.031267 0.003037
v -0.010682 -0.020917 0.003138
v -0.010961 -0.020917 0.002943
v -0.011259 -0.020917 0.002777
v -0.011572 -0.020917 0.002645
v -0.011899 -0.020917 0.002547
v -0.012233 -0.020917 0.002484
v -0.012573 -0.020917 0.002457
v -0.012913 -0.020917 0.002466
v -0.013251 -0.020917 0.002511
v -0.013582 -0.020917 0.002592
v -0.013855 -0.020917 0.002688
v -0.013855 -0.029197 0.002688
v -0.013902 -0.031267 0.002708
v -0.013582 -0.029197 0.002592
v -0.013582 -0.031267 0.002592
v -0.013251 -0.029197 0.002511
v -0.013251 -0.031267 0.002511
v -0.012913 -0.029197 0.002466
v -0.012913 -0.031267 0.002466
v -0.012573 -0.029197 0.002457
v -0.012573 -0.031267 0.002457
v -0.012233 -0.029197 0.002484
v -0.012233 -0.031267 0.002484
v -0.011899 -0.029197 0.002547
v -0.011899 -0.031267 0.002547
v -0.011572 -0.029197 0.002645
v -0.011572 -0.031267 0.002645
v -0.011259 -0.029197 0.002777
v -0.011259 -0.031267 0.002777
v -0.010961 -0.029197 0.002943
v -0.010961 -0.031267 0.002943
v -0.010682 -0.029197 0.003138
v -0.010682 -0.031267 0.003138
v -0.010426 -0.029197 0.003362
v -0.010426 -0.031267 0.003362
v -0.010194 -0.029197 0.003612
v -0.010194 -0.031267 0.003612
v -0.009991 -0.029197 0.003886
v -0.009991 -0.031267 0.003886
v -0.009818 -0.029197 0.004180
v -0.009818 -0.031267 0.004180
v -0.009678 -0.029197 0.004489
v -0.009678 -0.031267 0.004489
v -0.009571 -0.029197 0.004813
v -0.009571 -0.031267 0.004813
v -0.009499 -0.029197 0.005146
v -0.009499 -0.031267 0.005146
v -0.009462 -0.029197 0.005484
v -0.014765 -0.031267 0.008061
v -0.014765 -0.029197 0.008061
v -0.014497 -0.031267 0.008272
v -0.014497 -0.029197 0.008272
v -0.014209 -0.031267 0.008453
v -0.014209 -0.029197 0.008453
v -0.013902 -0.031267 0.008601
v -0.013902 -0.029197 0.008601
v -0.013582 -0.031267 0.008717
v -0.013582 -0.029197 0.008717
v -0.013251 -0.031267 0.008797
v -0.013251 -0.029197 0.008797
v -0.012913 -0.031267 0.008843
v -0.012913 -0.029197 0.008843
v -0.012573 -0.031267 0.008852
v -0.012573 -0.029197 0.008852
v -0.012233 -0.031267 0.008825
v -0.012233 -0.029197 0.008825
v -0.011899 -0.031267 0.008761
v -0.011899 -0.029197 0.008761
v -0.011572 -0.031267 0.008663
v -0.011572 -0.029197 0.008663
v -0.011259 -0.031267 0.008531
v -0.011259 -0.029197 0.008531
v -0.010961 -0.031267 0.008366
v -0.010961 -0.029197 0.008366
v -0.010682 -0.031267 0.008170
v -0.010682 -0.029197 0.008170
v -0.010426 -0.031267 0.007946
v -0.010426 -0.029197 0.007946
v -0.010194 -0.031267 0.007696
v -0.010194 -0.029197 0.007696
v -0.009991 -0.031267 0.007423
v -0.009991 -0.029197 0.007423
v -0.009818 -0.031267 0.007130
v -0.009818 -0.029197 0.007130
v -0.009678 -0.031267 0.006819
v -0.009678 -0.029197 0.006819
v -0.009571 -0.031267 0.006495
v -0.009571 -0.029197 0.006495
v -0.009499 -0.031267 0.006163
v -0.009499 -0.029197 0.006163
v -0.009462 -0.031267 0.005824
v -0.009462 -0.029197 0.005824
v -0.009458 -0.031267 0.005655
v -0.009462 -0.031267 0.005484
v -0.014209 -0.031267 0.002856
v -0.000658 -0.025517 0.170489
v -0.002458 -0.025517 0.170489
v -0.002458 -0.029197 0.170489
v -0.014858 -0.023217 0.122508
v -0.016658 -0.023217 0.122508
v -0.016658 -0.023907 0.121908
v -0.016658 -0.031267 0.104682
v -0.016658 -0.031267 0.050853
v -0.016658 -0.031267 0.120342
v -0.016658 -0.031267 0.135947
v -0.016658 -0.023907 0.170489
v -0.016658 -0.031267 0.151720
v -0.016658 -0.031267 0.170489
v -0.014858 -0.023217 0.170489
v -0.014858 -0.029197 0.170489
v -0.000658 -0.031267 0.170489
v -0.000658 -0.031267 0.151720
v -0.000658 -0.031267 0.135947
v -0.000658 -0.031267 0.120342
v -0.000658 -0.031267 0.104682
v -0.000658 -0.031267 0.050853
v -0.004769 -0.031267 0.120342
v -0.004769 -0.031267 0.135947
v -0.004894 -0.031267 0.135947
v -0.012311 -0.031267 0.001556
v -0.009769 -0.031267 0.092853
v -0.009769 -0.031267 0.096185
v -0.012311 -0.031267 0.100585
v -0.012464 -0.031267 0.100850
v -0.012311 -0.031267 0.100850
v -0.012311 -0.031267 0.104682
v -0.009785 -0.031267 0.100850
v -0.008385 -0.031267 0.098185
v -0.006988 -0.031267 0.100850
v -0.012311 -0.031267 0.050853
v -0.004894 -0.031267 0.050853
v -0.007325 -0.031267 0.092853
v -0.007325 -0.031267 0.096185
v -0.004894 -0.031267 0.100771
v -0.004852 -0.031267 0.100850
v -0.007370 -0.031267 0.116510
v -0.005158 -0.031267 0.116510
v -0.004894 -0.031267 0.120342
v -0.007404 -0.031267 0.108513
v -0.008839 -0.031267 0.111416
v -0.009602 -0.031267 0.110358
v -0.004894 -0.031267 0.104682
v -0.009602 -0.031267 0.108513
v -0.011936 -0.031267 0.108513
v -0.012311 -0.031267 0.120342
v -0.011936 -0.031267 0.116510
v -0.009602 -0.031267 0.116510
v -0.009602 -0.031267 0.113230
v -0.004894 -0.031267 0.108513
v -0.004769 -0.031267 0.104682
v -0.004769 -0.031267 0.108513
v -0.004714 -0.031267 0.108513
v -0.004769 -0.031267 0.108625
v -0.004894 -0.031267 0.108878
v -0.007241 -0.031267 0.113626
v -0.011804 -0.031267 0.146334
v -0.012311 -0.031267 0.151720
v -0.011993 -0.031267 0.146014
v -0.012146 -0.031267 0.145689
v -0.004894 -0.031267 0.151720
v -0.006718 -0.031267 0.147487
v -0.006419 -0.031267 0.147302
v -0.005661 -0.031267 0.146590
v -0.005448 -0.031267 0.146292
v -0.005267 -0.031267 0.145976
v -0.005118 -0.031267 0.145642
v -0.007704 -0.031267 0.147850
v -0.007357 -0.031267 0.147759
v -0.007039 -0.031267 0.147643
v -0.010255 -0.031267 0.147646
v -0.009934 -0.031267 0.147761
v -0.009580 -0.031267 0.147851
v -0.009114 -0.031267 0.147920
v -0.008625 -0.031267 0.147942
v -0.008161 -0.031267 0.147919
v -0.006152 -0.031267 0.147095
v -0.005887 -0.031267 0.146847
v -0.011557 -0.031267 0.146670
v -0.011291 -0.031267 0.146962
v -0.011061 -0.031267 0.147167
v -0.010801 -0.031267 0.147357
v -0.010543 -0.031267 0.147511
v -0.012311 -0.031267 0.142418
v -0.012404 -0.031267 0.142822
v -0.014176 -0.031267 0.135947
v -0.012293 -0.031267 0.145273
v -0.014176 -0.031267 0.151720
v -0.012395 -0.031267 0.144863
v -0.012466 -0.031267 0.143276
v -0.012491 -0.031267 0.143824
v -0.012465 -0.031267 0.144380
v -0.006777 -0.031267 0.140171
v -0.006512 -0.031267 0.140335
v -0.006219 -0.031267 0.140557
v -0.011860 -0.031267 0.141398
v -0.012040 -0.031267 0.141714
v -0.012311 -0.031267 0.135947
v -0.012192 -0.031267 0.142059
v -0.010230 -0.031267 0.140018
v -0.010530 -0.031267 0.140160
v -0.010833 -0.031267 0.140343
v -0.011112 -0.031267 0.140551
v -0.011381 -0.031267 0.140799
v -0.011638 -0.031267 0.141088
v -0.005047 -0.031267 0.142337
v -0.005180 -0.031267 0.141973
v -0.005355 -0.031267 0.141609
v -0.005528 -0.031267 0.141327
v -0.005776 -0.031267 0.141000
v -0.005942 -0.031267 0.140816
v -0.007079 -0.031267 0.140024
v -0.007387 -0.031267 0.139910
v -0.007752 -0.031267 0.139813
v -0.009143 -0.031267 0.139748
v -0.009543 -0.031267 0.139808
v -0.009881 -0.031267 0.139893
v -0.008129 -0.031267 0.139751
v -0.008527 -0.031267 0.139724
v -0.008649 -0.031267 0.139723
v -0.005002 -0.031267 0.145288
v -0.004898 -0.031267 0.144824
v -0.004769 -0.031267 0.151720
v -0.004842 -0.031267 0.144355
v -0.004825 -0.031267 0.143910
v -0.004859 -0.031267 0.143254
v -0.004930 -0.031267 0.142795
v -0.004894 -0.031267 0.001556
v -0.014176 -0.031267 0.050853
v -0.014176 -0.031267 0.001556
v -0.008825 -0.031267 0.161714
v -0.008825 -0.031267 0.160270
v -0.005491 -0.031267 0.161714
v -0.006269 -0.031267 0.160270
v -0.004894 -0.031267 0.170489
v -0.005491 -0.031267 0.163491
v -0.006269 -0.031267 0.158493
v -0.004769 -0.031267 0.170489
v -0.008825 -0.031267 0.158493
v -0.008825 -0.031267 0.155495
v -0.011269 -0.031267 0.155495
v -0.011269 -0.031267 0.163491
v -0.012311 -0.031267 0.170489
v -0.014176 -0.031267 0.170489
v -0.004936 -0.031267 0.124174
v -0.005441 -0.031267 0.128327
v -0.005560 -0.031267 0.128210
v -0.008929 -0.031267 0.127283
v -0.009714 -0.031267 0.127283
v -0.007653 -0.031267 0.124174
v -0.009714 -0.031267 0.124174
v -0.007903 -0.031267 0.132171
v -0.012158 -0.031267 0.132171
v -0.012158 -0.031267 0.124174
v -0.005936 -0.031267 0.131689
v -0.005741 -0.031267 0.131549
v -0.005559 -0.031267 0.131389
v -0.005763 -0.031267 0.128050
v -0.005984 -0.031267 0.127908
v -0.006382 -0.031267 0.127700
v -0.007356 -0.031267 0.132144
v -0.006965 -0.031267 0.132086
v -0.006660 -0.031267 0.132013
v -0.006377 -0.031267 0.131915
v -0.006134 -0.031267 0.131804
v -0.005412 -0.031267 0.131229
v -0.005290 -0.031267 0.131068
v -0.005194 -0.031267 0.130912
v -0.005198 -0.031267 0.128669
v -0.005127 -0.031267 0.128821
v -0.005045 -0.031267 0.129050
v -0.005110 -0.031267 0.130739
v -0.005041 -0.031267 0.130554
v -0.004988 -0.031267 0.130353
v -0.005274 -0.031267 0.128541
v -0.005334 -0.031267 0.128454
v -0.004936 -0.031267 0.129836
v -0.004951 -0.031267 0.129521
v -0.004988 -0.031267 0.129276
v -0.004952 -0.031267 0.130136
v -0.004936 -0.031267 0.129901
v -0.014176 -0.031267 0.120342
v -0.014176 -0.031267 0.104682
v -0.004894 -0.031267 0.100850
v -0.004769 -0.031267 0.050853
v -0.004769 -0.031267 0.001556
v -0.022293 0.000933 0.158810
v -0.022306 0.000933 0.158932
v -0.022306 -0.004357 0.158932
v -0.022308 0.000933 0.158993
v -0.022306 -0.004357 0.159054
v -0.022306 0.000933 0.159054
v -0.022293 -0.004357 0.159176
v -0.022293 0.000933 0.159176
v -0.022267 -0.004357 0.159295
v -0.022267 0.000933 0.159295
v -0.022229 -0.004357 0.159412
v -0.022229 0.000933 0.159412
v -0.022178 -0.004357 0.159523
v -0.022178 0.000933 0.159523
v -0.022116 -0.004357 0.159628
v -0.022116 0.000933 0.159628
v -0.022043 -0.004357 0.159726
v -0.022043 0.000933 0.159726
v -0.021960 -0.004357 0.159816
v -0.021960 0.000933 0.159816
v -0.021868 -0.004357 0.159897
v -0.021868 0.000933 0.159897
v -0.021768 -0.004357 0.159967
v -0.021768 0.000933 0.159967
v -0.021661 -0.004357 0.160027
v -0.021661 0.000933 0.160027
v -0.021548 -0.004357 0.160074
v -0.021548 0.000933 0.160074
v -0.021431 -0.004357 0.160109
v -0.021431 0.000933 0.160109
v -0.021311 -0.004357 0.160132
v -0.021311 0.000933 0.160132
v -0.021189 -0.004357 0.160142
v -0.021189 0.000933 0.160142
v -0.021066 -0.004357 0.160139
v -0.021066 0.000933 0.160139
v -0.020945 -0.004357 0.160122
v -0.020945 0.000933 0.160122
v -0.020826 -0.004357 0.160094
v -0.020826 0.000933 0.160094
v -0.020711 -0.004357 0.160052
v -0.020711 0.000933 0.160052
v -0.020601 -0.004357 0.159999
v -0.020601 0.000933 0.159999
v -0.020497 -0.004357 0.159934
v -0.020497 0.000933 0.159934
v -0.020401 -0.004357 0.159858
v -0.020401 0.000933 0.159858
v -0.020313 -0.004357 0.159772
v -0.020313 0.000933 0.159772
v -0.020235 -0.004357 0.159678
v -0.020235 0.000933 0.159678
v -0.020167 -0.004357 0.159576
v -0.020167 0.000933 0.159576
v -0.020111 -0.004357 0.159468
v -0.020111 0.000933 0.159468
v -0.020066 -0.004357 0.159354
v -0.020066 0.000933 0.159354
v -0.020034 -0.004357 0.159236
v -0.020034 0.000933 0.159236
v -0.020014 -0.004357 0.159115
v -0.020014 0.000933 0.159115
v -0.020008 -0.004357 0.158993
v -0.020008 0.000933 0.158993
v -0.020014 -0.004357 0.158871
v -0.020014 0.000933 0.158871
v -0.020034 -0.004357 0.158750
v -0.020034 0.000933 0.158750
v -0.020066 -0.004357 0.158632
v -0.020066 0.000933 0.158632
v -0.020111 -0.004357 0.158518
v -0.020111 0.000933 0.158518
v -0.020167 -0.004357 0.158409
v -0.020167 0.000933 0.158409
v -0.020235 -0.004357 0.158307
v -0.020235 0.000933 0.158307
v -0.020313 -0.004357 0.158213
v -0.020313 0.000933 0.158213
v -0.020401 -0.004357 0.158128
v -0.020401 0.000933 0.158128
v -0.020497 -0.004357 0.158052
v -0.020497 0.000933 0.158052
v -0.020601 -0.004357 0.157988
v -0.020601 0.000933 0.157988
v -0.020711 -0.004357 0.157934
v -0.020711 0.000933 0.157934
v -0.020826 -0.004357 0.157893
v -0.020826 0.000933 0.157893
v -0.020945 -0.004357 0.157863
v -0.020945 0.000933 0.157863
v -0.021066 -0.004357 0.157847
v -0.021066 0.000933 0.157847
v -0.021189 -0.004357 0.157844
v -0.021189 0.000933 0.157844
v -0.021311 -0.004357 0.157853
v -0.021311 0.000933 0.157853
v -0.021431 -0.004357 0.157876
v -0.021431 0.000933 0.157876
v -0.021548 -0.004357 0.157911
v -0.021548 0.000933 0.157911
v -0.021661 -0.004357 0.157959
v -0.021661 0.000933 0.157959
v -0.021768 -0.004357 0.158018
v -0.021768 0.000933 0.158018
v -0.021868 -0.004357 0.158089
v -0.021868 0.000933 0.158089
v -0.021960 -0.004357 0.158169
v -0.021960 0.000933 0.158169
v -0.022043 -0.004357 0.158259
v -0.022043 0.000933 0.158259
v -0.022116 -0.004357 0.158357
v -0.022116 0.000933 0.158357
v -0.022178 -0.004357 0.158463
v -0.022178 0.000933 0.158463
v -0.022229 -0.004357 0.158575
v -0.022229 0.000933 0.158575
v -0.022267 -0.004357 0.158690
v -0.022267 0.000933 0.158690
v -0.022293 -0.004357 0.158810
v -0.017258 -0.017697 0.146098
v -0.017258 -0.000587 0.146098
v -0.017258 0.000933 0.146098
v -0.017258 0.004383 0.138501
v -0.017258 0.022783 0.122508
v -0.017258 0.022783 0.170489
v -0.017258 0.000933 0.163491
v -0.017258 -0.023217 0.170489
v -0.017258 -0.017697 0.163491
v -0.017258 -0.023217 0.122508
v -0.025658 -0.017697 0.154495
v -0.015458 -0.022527 0.123108
v -0.015458 0.022093 0.123108
v -0.015458 0.004383 0.138501
v -0.015458 0.022093 0.170489
v -0.015458 -0.022527 0.170489
v -0.025658 0.000933 0.163491
v -0.025658 0.000933 0.154495
v -0.025658 -0.006081 0.154495
v -0.025658 -0.017697 0.163491
v -0.021514 -0.017697 0.160450
v -0.021357 -0.017697 0.160479
v -0.021038 -0.017697 0.160488
v -0.020880 -0.017697 0.160466
v -0.020725 -0.017697 0.160429
v -0.020575 -0.017697 0.160374
v -0.020431 -0.017697 0.160304
v -0.021667 -0.017697 0.157582
v -0.021814 -0.017697 0.157645
v -0.021954 -0.017697 0.157722
v -0.022084 -0.017697 0.157813
v -0.022084 -0.017697 0.160172
v -0.021954 -0.017697 0.160264
v -0.021198 -0.017697 0.160492
v -0.020296 -0.017697 0.160220
v -0.020170 -0.017697 0.160121
v -0.020056 -0.017697 0.160010
v -0.019792 -0.017697 0.158374
v -0.019866 -0.017697 0.158232
v -0.021814 -0.017697 0.160342
v -0.021667 -0.017697 0.160403
v -0.019954 -0.017697 0.159887
v -0.019866 -0.017697 0.159754
v -0.019792 -0.017697 0.159613
v -0.019734 -0.017697 0.158522
v -0.019954 -0.017697 0.158098
v -0.020056 -0.017697 0.157976
v -0.020170 -0.017697 0.157864
v -0.021514 -0.017697 0.157536
v -0.021357 -0.017697 0.157507
v -0.022204 -0.017697 0.157919
v -0.022313 -0.017697 0.158036
v -0.022408 -0.017697 0.158164
v -0.022489 -0.017697 0.158301
v -0.022555 -0.017697 0.158447
v -0.022605 -0.017697 0.158598
v -0.019734 -0.017697 0.159464
v -0.019692 -0.017697 0.159310
v -0.019666 -0.017697 0.159152
v -0.019658 -0.017697 0.158993
v -0.019666 -0.017697 0.158834
v -0.019692 -0.017697 0.158676
v -0.020296 -0.017697 0.157766
v -0.020431 -0.017697 0.157681
v -0.020575 -0.017697 0.157611
v -0.022639 -0.017697 0.159231
v -0.022605 -0.017697 0.159387
v -0.022555 -0.017697 0.159539
v -0.022489 -0.017697 0.159684
v -0.022408 -0.017697 0.159822
v -0.022313 -0.017697 0.159950
v -0.022204 -0.017697 0.160067
v -0.020725 -0.017697 0.157558
v -0.020880 -0.017697 0.157519
v -0.021038 -0.017697 0.157499
v -0.022639 -0.017697 0.158754
v -0.022656 -0.017697 0.158913
v -0.022656 -0.017697 0.159073
v -0.021158 -0.017697 0.157494
v -0.021198 -0.017697 0.157494
v -0.019458 -0.004357 0.163491
v -0.022858 -0.004357 0.163491
v -0.021058 -0.003072 0.149897
v -0.021058 0.000933 0.149897
v -0.015458 -0.007671 0.156926
v -0.022858 -0.004357 0.158993
v -0.019458 -0.004357 0.158993
v -0.019467 -0.004357 0.158815
v -0.019495 -0.004357 0.158639
v -0.019541 -0.004357 0.158468
v -0.019605 -0.004357 0.158301
v -0.019686 -0.004357 0.158144
v -0.019783 -0.004357 0.157995
v -0.019895 -0.004357 0.157855
v -0.020020 -0.004357 0.157730
v -0.020159 -0.004357 0.157618
v -0.020308 -0.004357 0.157521
v -0.020467 -0.004357 0.157441
v -0.020633 -0.004357 0.157377
v -0.020805 -0.004357 0.157331
v -0.020980 -0.004357 0.157303
v -0.021158 -0.004357 0.157294
v -0.021336 -0.004357 0.157303
v -0.021511 -0.004357 0.157331
v -0.021683 -0.004357 0.157377
v -0.021849 -0.004357 0.157441
v -0.022008 -0.004357 0.157521
v -0.022157 -0.004357 0.157618
v -0.022295 -0.004357 0.157730
v -0.022421 -0.004357 0.157855
v -0.022533 -0.004357 0.157995
v -0.022630 -0.004357 0.158144
v -0.022711 -0.004357 0.158301
v -0.022775 -0.004357 0.158468
v -0.022821 -0.004357 0.158639
v -0.022849 -0.004357 0.158815
v -0.006988 -0.030807 0.100850
v -0.004852 -0.030807 0.100850
v -0.007325 -0.030807 0.096185
v -0.007325 -0.030807 0.092853
v -0.009769 -0.030807 0.092853
v -0.009769 -0.030807 0.096185
v -0.012464 -0.030807 0.100850
v -0.009785 -0.030807 0.100850
v -0.008385 -0.030807 0.098185
v -0.007241 -0.030807 0.113626
v -0.004714 -0.030807 0.108513
v -0.007404 -0.030807 0.108513
v -0.008839 -0.030807 0.111416
v -0.009602 -0.030807 0.110358
v -0.009602 -0.030807 0.108513
v -0.011936 -0.030807 0.108513
v -0.011936 -0.030807 0.116510
v -0.009602 -0.030807 0.116510
v -0.009602 -0.030807 0.113230
v -0.007370 -0.030807 0.116510
v -0.005158 -0.030807 0.116510
v -0.006382 -0.030807 0.127700
v -0.005984 -0.030807 0.127908
v -0.005763 -0.030807 0.128050
v -0.005560 -0.030807 0.128210
v -0.005441 -0.030807 0.128327
v -0.005334 -0.030807 0.128454
v -0.005274 -0.030807 0.128541
v -0.005198 -0.030807 0.128669
v -0.005127 -0.030807 0.128821
v -0.005045 -0.030807 0.129050
v -0.004988 -0.030807 0.129276
v -0.004951 -0.030807 0.129521
v -0.004936 -0.030807 0.129836
v -0.004936 -0.030807 0.124174
v -0.007653 -0.030807 0.124174
v -0.008929 -0.030807 0.127283
v -0.009714 -0.030807 0.127283
v -0.009714 -0.030807 0.124174
v -0.012158 -0.030807 0.124174
v -0.012158 -0.030807 0.132171
v -0.007903 -0.030807 0.132171
v -0.008502 -0.030807 0.130505
v -0.008502 -0.031267 0.130505
v -0.008446 -0.031267 0.130504
v -0.008446 -0.030807 0.130504
v -0.008242 -0.031267 0.130490
v -0.008242 -0.030807 0.130490
v -0.008098 -0.031267 0.130465
v -0.008098 -0.030807 0.130465
v -0.007998 -0.031267 0.130438
v -0.007998 -0.030807 0.130438
v -0.007915 -0.031267 0.130408
v -0.007915 -0.030807 0.130408
v -0.007837 -0.031267 0.130370
v -0.007837 -0.030807 0.130370
v -0.007786 -0.031267 0.130341
v -0.007786 -0.030807 0.130341
v -0.007736 -0.031267 0.130305
v -0.007736 -0.030807 0.130305
v -0.007693 -0.031267 0.130267
v -0.007693 -0.030807 0.130267
v -0.007646 -0.031267 0.130215
v -0.007646 -0.030807 0.130215
v -0.007607 -0.031267 0.130163
v -0.007607 -0.030807 0.130163
v -0.007576 -0.031267 0.130110
v -0.007576 -0.030807 0.130110
v -0.007550 -0.031267 0.130058
v -0.007550 -0.030807 0.130058
v -0.007530 -0.031267 0.130001
v -0.007530 -0.030807 0.130001
v -0.007512 -0.031267 0.129933
v -0.007512 -0.030807 0.129933
v -0.007499 -0.031267 0.129852
v -0.007499 -0.030807 0.129852
v -0.007491 -0.031267 0.129724
v -0.007491 -0.030807 0.129724
v -0.009714 -0.030807 0.130505
v -0.009714 -0.031267 0.130505
v -0.009714 -0.030807 0.128949
v -0.009714 -0.031267 0.128949
v -0.008590 -0.030807 0.128949
v -0.008590 -0.031267 0.128949
v -0.007492 -0.031267 0.129688
v -0.007492 -0.030807 0.129688
v -0.007499 -0.031267 0.129608
v -0.007499 -0.030807 0.129608
v -0.007512 -0.031267 0.129539
v -0.007512 -0.030807 0.129539
v -0.007528 -0.031267 0.129481
v -0.007528 -0.030807 0.129481
v -0.007547 -0.031267 0.129429
v -0.007547 -0.030807 0.129429
v -0.007572 -0.031267 0.129377
v -0.007572 -0.030807 0.129377
v -0.007604 -0.031267 0.129327
v -0.007604 -0.030807 0.129327
v -0.007641 -0.031267 0.129279
v -0.007641 -0.030807 0.129279
v -0.007694 -0.031267 0.129224
v -0.007694 -0.030807 0.129224
v -0.007753 -0.031267 0.129174
v -0.007753 -0.030807 0.129174
v -0.007813 -0.031267 0.129133
v -0.007813 -0.030807 0.129133
v -0.007873 -0.031267 0.129099
v -0.007873 -0.030807 0.129099
v -0.007977 -0.031267 0.129052
v -0.007977 -0.030807 0.129052
v -0.008101 -0.031267 0.129009
v -0.008101 -0.030807 0.129009
v -0.008222 -0.031267 0.128981
v -0.008222 -0.030807 0.128981
v -0.008361 -0.031267 0.128961
v -0.008361 -0.030807 0.128961
v -0.004936 -0.030807 0.129901
v -0.004952 -0.030807 0.130136
v -0.004988 -0.030807 0.130353
v -0.005041 -0.030807 0.130554
v -0.005110 -0.030807 0.130739
v -0.005194 -0.030807 0.130912
v -0.005290 -0.030807 0.131068
v -0.005412 -0.030807 0.131229
v -0.005559 -0.030807 0.131389
v -0.005741 -0.030807 0.131549
v -0.005936 -0.030807 0.131689
v -0.006134 -0.030807 0.131804
v -0.006377 -0.030807 0.131915
v -0.006660 -0.030807 0.132013
v -0.006965 -0.030807 0.132086
v -0.007356 -0.030807 0.132144
v -0.008649 -0.030807 0.139723
v -0.008527 -0.030807 0.139724
v -0.008129 -0.030807 0.139751
v -0.007752 -0.030807 0.139813
v -0.007387 -0.030807 0.139910
v -0.007079 -0.030807 0.140024
v -0.006777 -0.030807 0.140171
v -0.006512 -0.030807 0.140335
v -0.006219 -0.030807 0.140557
v -0.005942 -0.030807 0.140816
v -0.005776 -0.030807 0.141000
v -0.005528 -0.030807 0.141327
v -0.005355 -0.030807 0.141609
v -0.005180 -0.030807 0.141973
v -0.005047 -0.030807 0.142337
v -0.004930 -0.030807 0.142795
v -0.004859 -0.030807 0.143254
v -0.004825 -0.030807 0.143910
v -0.012491 -0.030807 0.143824
v -0.012466 -0.030807 0.143276
v -0.012404 -0.030807 0.142822
v -0.012311 -0.030807 0.142418
v -0.012192 -0.030807 0.142059
v -0.012040 -0.030807 0.141714
v -0.011860 -0.030807 0.141398
v -0.011638 -0.030807 0.141088
v -0.011381 -0.030807 0.140799
v -0.011112 -0.030807 0.140551
v -0.010833 -0.030807 0.140343
v -0.010530 -0.030807 0.140160
v -0.010230 -0.030807 0.140018
v -0.009881 -0.030807 0.139893
v -0.009543 -0.030807 0.139808
v -0.009143 -0.030807 0.139748
v -0.008625 -0.030807 0.147942
v -0.009114 -0.030807 0.147920
v -0.009580 -0.030807 0.147851
v -0.009934 -0.030807 0.147761
v -0.010255 -0.030807 0.147646
v -0.010543 -0.030807 0.147511
v -0.010801 -0.030807 0.147357
v -0.011061 -0.030807 0.147167
v -0.011291 -0.030807 0.146962
v -0.011557 -0.030807 0.146670
v -0.011804 -0.030807 0.146334
v -0.011993 -0.030807 0.146014
v -0.012146 -0.030807 0.145689
v -0.012293 -0.030807 0.145273
v -0.012395 -0.030807 0.144863
v -0.012465 -0.030807 0.144380
v -0.008661 -0.030807 0.141500
v -0.008661 -0.031267 0.141500
v -0.008721 -0.031267 0.141501
v -0.008721 -0.030807 0.141501
v -0.008830 -0.031267 0.141513
v -0.008830 -0.030807 0.141513
v -0.008912 -0.031267 0.141529
v -0.008912 -0.030807 0.141529
v -0.008988 -0.031267 0.141552
v -0.008988 -0.030807 0.141552
v -0.009071 -0.031267 0.141585
v -0.009071 -0.030807 0.141585
v -0.009141 -0.031267 0.141623
v -0.009141 -0.030807 0.141623
v -0.009204 -0.031267 0.141663
v -0.009204 -0.030807 0.141663
v -0.009269 -0.031267 0.141715
v -0.009269 -0.030807 0.141715
v -0.009340 -0.031267 0.141784
v -0.009340 -0.030807 0.141784
v -0.009415 -0.031267 0.141873
v -0.009415 -0.030807 0.141873
v -0.009476 -0.031267 0.141963
v -0.009476 -0.030807 0.141963
v -0.009543 -0.031267 0.142084
v -0.009543 -0.030807 0.142084
v -0.009615 -0.031267 0.142246
v -0.009615 -0.030807 0.142246
v -0.009687 -0.031267 0.142470
v -0.009687 -0.030807 0.142470
v -0.009746 -0.031267 0.142738
v -0.009746 -0.030807 0.142738
v -0.009798 -0.031267 0.143121
v -0.009798 -0.030807 0.143121
v -0.009825 -0.031267 0.143758
v -0.009825 -0.030807 0.143758
v -0.007491 -0.030807 0.144054
v -0.007491 -0.031267 0.144054
v -0.007493 -0.031267 0.143769
v -0.007493 -0.030807 0.143769
v -0.007540 -0.031267 0.142978
v -0.007540 -0.030807 0.142978
v -0.007609 -0.031267 0.142536
v -0.007609 -0.030807 0.142536
v -0.007624 -0.031267 0.142470
v -0.007624 -0.030807 0.142470
v -0.007684 -0.031267 0.142250
v -0.007684 -0.030807 0.142250
v -0.007734 -0.031267 0.142116
v -0.007734 -0.030807 0.142116
v -0.007796 -0.031267 0.141990
v -0.007796 -0.030807 0.141990
v -0.007854 -0.031267 0.141898
v -0.007854 -0.030807 0.141898
v -0.007917 -0.031267 0.141816
v -0.007917 -0.030807 0.141816
v -0.007982 -0.031267 0.141747
v -0.007982 -0.030807 0.141747
v -0.008040 -0.031267 0.141696
v -0.008040 -0.030807 0.141696
v -0.008105 -0.031267 0.141649
v -0.008105 -0.030807 0.141649
v -0.008176 -0.031267 0.141608
v -0.008176 -0.030807 0.141608
v -0.008246 -0.031267 0.141575
v -0.008246 -0.030807 0.141575
v -0.008321 -0.031267 0.141548
v -0.008321 -0.030807 0.141548
v -0.008435 -0.031267 0.141521
v -0.008435 -0.030807 0.141521
v -0.008548 -0.031267 0.141504
v -0.008548 -0.030807 0.141504
v -0.008615 -0.030807 0.146165
v -0.008615 -0.031267 0.146165
v -0.008555 -0.031267 0.146163
v -0.008555 -0.030807 0.146163
v -0.008443 -0.031267 0.146151
v -0.008443 -0.030807 0.146151
v -0.008362 -0.031267 0.146135
v -0.008362 -0.030807 0.146135
v -0.008287 -0.031267 0.146111
v -0.008287 -0.030807 0.146111
v -0.008209 -0.031267 0.146080
v -0.008209 -0.030807 0.146080
v -0.008139 -0.031267 0.146043
v -0.008139 -0.030807 0.146043
v -0.008076 -0.031267 0.146001
v -0.008076 -0.030807 0.146001
v -0.008002 -0.031267 0.145940
v -0.008002 -0.030807 0.145940
v -0.007938 -0.031267 0.145877
v -0.007938 -0.030807 0.145877
v -0.007878 -0.031267 0.145803
v -0.007878 -0.030807 0.145803
v -0.007811 -0.031267 0.145704
v -0.007811 -0.030807 0.145704
v -0.007748 -0.031267 0.145590
v -0.007748 -0.030807 0.145590
v -0.007685 -0.031267 0.145442
v -0.007685 -0.030807 0.145442
v -0.007613 -0.031267 0.145215
v -0.007613 -0.030807 0.145215
v -0.007558 -0.031267 0.144965
v -0.007558 -0.030807 0.144965
v -0.007515 -0.031267 0.144620
v -0.007515 -0.030807 0.144620
v -0.009806 -0.031267 0.144311
v -0.009806 -0.030807 0.144311
v -0.009743 -0.031267 0.144843
v -0.009743 -0.030807 0.144843
v -0.009673 -0.031267 0.145160
v -0.009673 -0.030807 0.145160
v -0.009600 -0.031267 0.145387
v -0.009600 -0.030807 0.145387
v -0.009534 -0.031267 0.145539
v -0.009534 -0.030807 0.145539
v -0.009466 -0.031267 0.145664
v -0.009466 -0.030807 0.145664
v -0.009387 -0.031267 0.145782
v -0.009387 -0.030807 0.145782
v -0.009314 -0.031267 0.145870
v -0.009314 -0.030807 0.145870
v -0.009253 -0.031267 0.145931
v -0.009253 -0.030807 0.145931
v -0.009189 -0.031267 0.145983
v -0.009189 -0.030807 0.145983
v -0.009115 -0.031267 0.146033
v -0.009115 -0.030807 0.146033
v -0.009042 -0.031267 0.146072
v -0.009042 -0.030807 0.146072
v -0.008969 -0.031267 0.146103
v -0.008969 -0.030807 0.146103
v -0.008870 -0.031267 0.146134
v -0.008870 -0.030807 0.146134
v -0.008778 -0.031267 0.146153
v -0.008778 -0.030807 0.146153
v -0.008693 -0.031267 0.146163
v -0.008693 -0.030807 0.146163
v -0.004842 -0.030807 0.144355
v -0.004898 -0.030807 0.144824
v -0.005002 -0.030807 0.145288
v -0.005118 -0.030807 0.145642
v -0.005267 -0.030807 0.145976
v -0.005448 -0.030807 0.146292
v -0.005661 -0.030807 0.146590
v -0.005887 -0.030807 0.146847
v -0.006152 -0.030807 0.147095
v -0.006419 -0.030807 0.147302
v -0.006718 -0.030807 0.147487
v -0.007039 -0.030807 0.147643
v -0.007357 -0.030807 0.147759
v -0.007704 -0.030807 0.147850
v -0.008161 -0.030807 0.147919
v -0.006269 -0.030807 0.160270
v -0.006269 -0.030807 0.158493
v -0.008825 -0.030807 0.158493
v -0.008825 -0.030807 0.155495
v -0.011269 -0.030807 0.155495
v -0.011269 -0.030807 0.163491
v -0.005491 -0.030807 0.163491
v -0.005491 -0.030807 0.161714
v -0.008825 -0.030807 0.161714
v -0.008825 -0.030807 0.160270
v -0.010328 0.030373 0.100850
v -0.012464 0.030373 0.100850
v -0.009991 0.030373 0.096185
v -0.009991 0.030373 0.092853
v -0.007547 0.030373 0.092853
v -0.007547 0.030373 0.096185
v -0.004852 0.030373 0.100850
v -0.007531 0.030373 0.100850
v -0.008931 0.030373 0.098185
v -0.010075 0.030373 0.113626
v -0.012602 0.030373 0.108513
v -0.009911 0.030373 0.108513
v -0.008477 0.030373 0.111416
v -0.007714 0.030373 0.110358
v -0.007714 0.030373 0.108513
v -0.005380 0.030373 0.108513
v -0.005380 0.030373 0.116510
v -0.007714 0.030373 0.116510
v -0.007714 0.030373 0.113230
v -0.009946 0.030373 0.116510
v -0.012158 0.030373 0.116510
v -0.010934 0.030373 0.127700
v -0.011332 0.030373 0.127908
v -0.011553 0.030373 0.128050
v -0.011756 0.030373 0.128210
v -0.011875 0.030373 0.128327
v -0.011982 0.030373 0.128454
v -0.012042 0.030373 0.128541
v -0.012118 0.030373 0.128669
v -0.012189 0.030373 0.128821
v -0.012271 0.030373 0.129050
v -0.012328 0.030373 0.129276
v -0.012365 0.030373 0.129521
v -0.012380 0.030373 0.129836
v -0.012380 0.030373 0.124174
v -0.009663 0.030373 0.124174
v -0.008387 0.030373 0.127283
v -0.007602 0.030373 0.127283
v -0.007602 0.030373 0.124174
v -0.005158 0.030373 0.124174
v -0.005158 0.030373 0.132171
v -0.009413 0.030373 0.132171
v -0.008814 0.030373 0.130505
v -0.008814 0.030833 0.130505
v -0.008870 0.030833 0.130504
v -0.008870 0.030373 0.130504
v -0.009074 0.030833 0.130490
v -0.009074 0.030373 0.130490
v -0.009218 0.030833 0.130465
v -0.009218 0.030373 0.130465
v -0.009318 0.030833 0.130438
v -0.009318 0.030373 0.130438
v -0.009401 0.030833 0.130408
v -0.009401 0.030373 0.130408
v -0.009479 0.030833 0.130370
v -0.009479 0.030373 0.130370
v -0.009530 0.030833 0.130341
v -0.009530 0.030373 0.130341
v -0.009580 0.030833 0.130305
v -0.009580 0.030373 0.130305
v -0.009623 0.030833 0.130267
v -0.009623 0.030373 0.130267
v -0.009669 0.030833 0.130215
v -0.009669 0.030373 0.130215
v -0.009709 0.030833 0.130163
v -0.009709 0.030373 0.130163
v -0.009740 0.030833 0.130110
v -0.009740 0.030373 0.130110
v -0.009765 0.030833 0.130058
v -0.009765 0.030373 0.130058
v -0.009786 0.030833 0.130001
v -0.009786 0.030373 0.130001
v -0.009804 0.030833 0.129933
v -0.009804 0.030373 0.129933
v -0.009817 0.030833 0.129852
v -0.009817 0.030373 0.129852
v -0.009825 0.030833 0.129724
v -0.009825 0.030373 0.129724
v -0.007602 0.030373 0.130505
v -0.007602 0.030833 0.130505
v -0.007602 0.030373 0.128949
v -0.007602 0.030833 0.128949
v -0.008726 0.030373 0.128949
v -0.008726 0.030833 0.128949
v -0.009824 0.030833 0.129688
v -0.009824 0.030373 0.129688
v -0.009817 0.030833 0.129608
v -0.009817 0.030373 0.129608
v -0.009804 0.030833 0.129539
v -0.009804 0.030373 0.129539
v -0.009788 0.030833 0.129481
v -0.009788 0.030373 0.129481
v -0.009769 0.030833 0.129429
v -0.009769 0.030373 0.129429
v -0.009744 0.030833 0.129377
v -0.009744 0.030373 0.129377
v -0.009712 0.030833 0.129327
v -0.009712 0.030373 0.129327
v -0.009675 0.030833 0.129279
v -0.009675 0.030373 0.129279
v -0.009622 0.030833 0.129224
v -0.009622 0.030373 0.129224
v -0.009563 0.030833 0.129174
v -0.009563 0.030373 0.129174
v -0.009503 0.030833 0.129133
v -0.009503 0.030373 0.129133
v -0.009443 0.030833 0.129099
v -0.009443 0.030373 0.129099
v -0.009339 0.030833 0.129052
v -0.009339 0.030373 0.129052
v -0.009215 0.030833 0.129009
v -0.009215 0.030373 0.129009
v -0.009094 0.030833 0.128981
v -0.009094 0.030373 0.128981
v -0.008955 0.030833 0.128961
v -0.008955 0.030373 0.128961
v -0.012379 0.030373 0.129901
v -0.012363 0.030373 0.130136
v -0.012328 0.030373 0.130353
v -0.012275 0.030373 0.130554
v -0.012206 0.030373 0.130739
v -0.012122 0.030373 0.130912
v -0.012026 0.030373 0.131068
v -0.011904 0.030373 0.131229
v -0.011756 0.030373 0.131389
v -0.011575 0.030373 0.131549
v -0.011380 0.030373 0.131689
v -0.011182 0.030373 0.131804
v -0.010939 0.030373 0.131915
v -0.010656 0.030373 0.132013
v -0.010350 0.030373 0.132086
v -0.009960 0.030373 0.132144
v -0.008667 0.030373 0.139723
v -0.008789 0.030373 0.139724
v -0.009187 0.030373 0.139751
v -0.009564 0.030373 0.139813
v -0.009928 0.030373 0.139910
v -0.010237 0.030373 0.140024
v -0.010539 0.030373 0.140171
v -0.010804 0.030373 0.140335
v -0.011097 0.030373 0.140557
v -0.011374 0.030373 0.140816
v -0.011540 0.030373 0.141000
v -0.011788 0.030373 0.141327
v -0.011961 0.030373 0.141609
v -0.012135 0.030373 0.141973
v -0.012269 0.030373 0.142337
v -0.012386 0.030373 0.142795
v -0.012457 0.030373 0.143254
v -0.012491 0.030373 0.143910
v -0.004825 0.030373 0.143824
v -0.004850 0.030373 0.143276
v -0.004912 0.030373 0.142822
v -0.005005 0.030373 0.142418
v -0.005124 0.030373 0.142059
v -0.005276 0.030373 0.141714
v -0.005456 0.030373 0.141398
v -0.005678 0.030373 0.141088
v -0.005935 0.030373 0.140799
v -0.006204 0.030373 0.140551
v -0.006482 0.030373 0.140343
v -0.006786 0.030373 0.140160
v -0.007086 0.030373 0.140018
v -0.007434 0.030373 0.139893
v -0.007773 0.030373 0.139808
v -0.008173 0.030373 0.139748
v -0.008691 0.030373 0.147942
v -0.008202 0.030373 0.147920
v -0.007736 0.030373 0.147851
v -0.007381 0.030373 0.147761
v -0.007061 0.030373 0.147646
v -0.006773 0.030373 0.147511
v -0.006515 0.030373 0.147357
v -0.006255 0.030373 0.147167
v -0.006025 0.030373 0.146962
v -0.005759 0.030373 0.146670
v -0.005512 0.030373 0.146334
v -0.005323 0.030373 0.146014
v -0.005170 0.030373 0.145689
v -0.005023 0.030373 0.145273
v -0.004921 0.030373 0.144863
v -0.004851 0.030373 0.144380
v -0.008654 0.030373 0.141500
v -0.008654 0.030833 0.141500
v -0.008595 0.030833 0.141501
v -0.008595 0.030373 0.141501
v -0.008486 0.030833 0.141513
v -0.008486 0.030373 0.141513
v -0.008404 0.030833 0.141529
v -0.008404 0.030373 0.141529
v -0.008328 0.030833 0.141552
v -0.008328 0.030373 0.141552
v -0.008245 0.030833 0.141585
v -0.008245 0.030373 0.141585
v -0.008175 0.030833 0.141623
v -0.008175 0.030373 0.141623
v -0.008112 0.030833 0.141663
v -0.008112 0.030373 0.141663
v -0.008047 0.030833 0.141715
v -0.008047 0.030373 0.141715
v -0.007976 0.030833 0.141784
v -0.007976 0.030373 0.141784
v -0.007901 0.030833 0.141873
v -0.007901 0.030373 0.141873
v -0.007840 0.030833 0.141963
v -0.007840 0.030373 0.141963
v -0.007773 0.030833 0.142084
v -0.007773 0.030373 0.142084
v -0.007701 0.030833 0.142246
v -0.007701 0.030373 0.142246
v -0.007629 0.030833 0.142470
v -0.007629 0.030373 0.142470
v -0.007570 0.030833 0.142738
v -0.007570 0.030373 0.142738
v -0.007518 0.030833 0.143121
v -0.007518 0.030373 0.143121
v -0.007491 0.030833 0.143758
v -0.007491 0.030373 0.143758
v -0.009825 0.030373 0.144054
v -0.009825 0.030833 0.144054
v -0.009823 0.030833 0.143769
v -0.009823 0.030373 0.143769
v -0.009776 0.030833 0.142978
v -0.009776 0.030373 0.142978
v -0.009707 0.030833 0.142536
v -0.009707 0.030373 0.142536
v -0.009692 0.030833 0.142470
v -0.009692 0.030373 0.142470
v -0.009632 0.030833 0.142250
v -0.009632 0.030373 0.142250
v -0.009581 0.030833 0.142116
v -0.009581 0.030373 0.142116
v -0.009520 0.030833 0.141990
v -0.009520 0.030373 0.141990
v -0.009462 0.030833 0.141898
v -0.009462 0.030373 0.141898
v -0.009398 0.030833 0.141816
v -0.009398 0.030373 0.141816
v -0.009334 0.030833 0.141747
v -0.009334 0.030373 0.141747
v -0.009276 0.030833 0.141696
v -0.009276 0.030373 0.141696
v -0.009210 0.030833 0.141649
v -0.009210 0.030373 0.141649
v -0.009140 0.030833 0.141608
v -0.009140 0.030373 0.141608
v -0.009070 0.030833 0.141575
v -0.009070 0.030373 0.141575
v -0.008995 0.030833 0.141548
v -0.008995 0.030373 0.141548
v -0.008881 0.030833 0.141521
v -0.008881 0.030373 0.141521
v -0.008768 0.030833 0.141504
v -0.008768 0.030373 0.141504
v -0.008701 0.030373 0.146165
v -0.008701 0.030833 0.146165
v -0.008761 0.030833 0.146163
v -0.008761 0.030373 0.146163
v -0.008873 0.030833 0.146151
v -0.008873 0.030373 0.146151
v -0.008954 0.030833 0.146135
v -0.008954 0.030373 0.146135
v -0.009029 0.030833 0.146111
v -0.009029 0.030373 0.146111
v -0.009107 0.030833 0.146080
v -0.009107 0.030373 0.146080
v -0.009177 0.030833 0.146043
v -0.009177 0.030373 0.146043
v -0.009240 0.030833 0.146001
v -0.009240 0.030373 0.146001
v -0.009314 0.030833 0.145940
v -0.009314 0.030373 0.145940
v -0.009378 0.030833 0.145877
v -0.009378 0.030373 0.145877
v -0.009438 0.030833 0.145803
v -0.009438 0.030373 0.145803
v -0.009505 0.030833 0.145704
v -0.009505 0.030373 0.145704
v -0.009568 0.030833 0.145590
v -0.009568 0.030373 0.145590
v -0.009631 0.030833 0.145442
v -0.009631 0.030373 0.145442
v -0.009703 0.030833 0.145215
v -0.009703 0.030373 0.145215
v -0.009757 0.030833 0.144965
v -0.009757 0.030373 0.144965
v -0.009801 0.030833 0.144620
v -0.009801 0.030373 0.144620
v -0.007510 0.030833 0.144311
v -0.007510 0.030373 0.144311
v -0.007573 0.030833 0.144843
v -0.007573 0.030373 0.144843
v -0.007643 0.030833 0.145160
v -0.007643 0.030373 0.145160
v -0.007716 0.030833 0.145387
v -0.007716 0.030373 0.145387
v -0.007781 0.030833 0.145539
v -0.007781 0.030373 0.145539
v -0.007850 0.030833 0.145664
v -0.007850 0.030373 0.145664
v -0.007928 0.030833 0.145782
v -0.007928 0.030373 0.145782
v -0.008001 0.030833 0.145870
v -0.008001 0.030373 0.145870
v -0.008063 0.030833 0.145931
v -0.008063 0.030373 0.145931
v -0.008127 0.030833 0.145983
v -0.008127 0.030373 0.145983
v -0.008201 0.030833 0.146033
v -0.008201 0.030373 0.146033
v -0.008274 0.030833 0.146072
v -0.008274 0.030373 0.146072
v -0.008347 0.030833 0.146103
v -0.008347 0.030373 0.146103
v -0.008446 0.030833 0.146134
v -0.008446 0.030373 0.146134
v -0.008537 0.030833 0.146153
v -0.008537 0.030373 0.146153
v -0.008623 0.030833 0.146163
v -0.008623 0.030373 0.146163
v -0.012474 0.030373 0.144355
v -0.012418 0.030373 0.144824
v -0.012314 0.030373 0.145288
v -0.012197 0.030373 0.145642
v -0.012049 0.030373 0.145976
v -0.011868 0.030373 0.146292
v -0.011654 0.030373 0.146590
v -0.011429 0.030373 0.146847
v -0.011164 0.030373 0.147095
v -0.010897 0.030373 0.147302
v -0.010598 0.030373 0.147487
v -0.010277 0.030373 0.147643
v -0.009959 0.030373 0.147759
v -0.009612 0.030373 0.147850
v -0.009154 0.030373 0.147919
v -0.011047 0.030373 0.160270
v -0.011047 0.030373 0.158493
v -0.008491 0.030373 0.158493
v -0.008491 0.030373 0.155495
v -0.006047 0.030373 0.155495
v -0.006047 0.030373 0.163491
v -0.011825 0.030373 0.163491
v -0.011825 0.030373 0.161714
v -0.008491 0.030373 0.161714
v -0.008491 0.030373 0.160270
v -0.016958 -0.007671 0.156926
vn -0.0000 1.0000 -0.0000
vn -0.0000 -0.0000 -1.0000
vn -0.0000 -1.0000 -0.0000
vn 0.6206 -0.0000 0.7841
vn -0.5996 -0.0000 0.8003
vn -0.5304 -0.0000 0.8478
vn -0.5303 -0.0000 0.8478
vn -0.5302 -0.0000 0.8479
vn -0.4371 -0.0000 0.8994
vn -0.3392 -0.0000 0.9407
vn -0.3391 -0.0000 0.9407
vn -0.2377 -0.0000 0.9713
vn -0.2371 -0.0000 0.9715
vn -0.2374 -0.0000 0.9714
vn -0.1323 -0.0000 0.9912
vn -0.1325 -0.0000 0.9912
vn -0.0265 -0.0000 0.9996
vn -0.0268 -0.0000 0.9996
vn 0.0799 -0.0000 0.9968
vn 0.0796 -0.0000 0.9968
vn 0.0800 -0.0000 0.9968
vn 0.1854 -0.0000 0.9827
vn 0.1850 -0.0000 0.9827
vn 0.2885 -0.0000 0.9575
vn 0.2886 -0.0000 0.9575
vn 0.2887 -0.0000 0.9574
vn 0.3886 -0.0000 0.9214
vn 0.6570 -0.0007 0.7539
vn 0.6585 -0.0011 0.7526
vn 0.6575 -0.0008 0.7534
vn 0.7345 -0.0000 -0.6786
vn 0.7341 -0.0000 -0.6790
vn 0.8025 -0.0000 -0.5966
vn 0.8026 -0.0000 -0.5965
vn 0.8615 -0.0000 -0.5078
vn 0.9106 -0.0000 -0.4134
vn 0.9494 -0.0000 -0.3140
vn 0.9773 -0.0000 -0.2119
vn 0.9774 -0.0000 -0.2115
vn 0.9774 -0.0000 -0.2116
vn 0.9943 -0.0000 -0.1064
vn 0.9943 -0.0000 -0.1065
vn 1.0000 -0.0000 -0.0000
vn 0.9944 -0.0000 0.1059
vn 0.9943 -0.0000 0.1064
vn 0.9774 -0.0000 0.2113
vn 0.9494 -0.0000 0.3140
vn 0.9106 -0.0000 0.4133
vn 0.8615 -0.0000 0.5078
vn 0.8026 -0.0000 0.5966
vn 0.8026 -0.0000 0.5965
vn 0.7345 -0.0000 0.6786
vn 0.7347 -0.0000 0.6784
vn 0.6924 -0.0000 0.7215
vn 0.6924 -0.0000 -0.7215
vn 0.6527 -0.0013 -0.7576
vn 0.6547 -0.0008 -0.7559
vn 0.6569 -0.0002 -0.7540
vn 0.6585 -0.0000 -0.7526
vn 0.5748 -0.0000 -0.8183
vn 0.4844 -0.0000 -0.8748
vn 0.3889 -0.0000 -0.9213
vn 0.3886 -0.0000 -0.9214
vn 0.2885 -0.0000 -0.9575
vn 0.2886 -0.0000 -0.9575
vn 0.1852 -0.0000 -0.9827
vn 0.1853 -0.0000 -0.9827
vn 0.0799 -0.0000 -0.9968
vn 0.0798 -0.0000 -0.9968
vn 0.0800 -0.0000 -0.9968
vn -0.0265 -0.0000 -0.9996
vn -0.1327 -0.0000 -0.9912
vn -0.1325 -0.0000 -0.9912
vn -0.2372 -0.0000 -0.9715
vn -0.3391 -0.0000 -0.9407
vn -0.3392 -0.0000 -0.9407
vn -0.4373 -0.0000 -0.8993
vn -0.4372 -0.0000 -0.8994
vn -0.4371 -0.0000 -0.8994
vn -0.5307 -0.0000 -0.8476
vn -0.5304 -0.0000 -0.8478
vn -0.6175 -0.0000 -0.7866
vn -0.6174 -0.0000 -0.7867
vn -0.6973 -0.0000 -0.7168
vn -0.6974 -0.0000 -0.7167
vn -0.6975 -0.0000 -0.7166
vn -0.7694 -0.0000 -0.6387
vn -0.7695 -0.0000 -0.6387
vn -0.7695 -0.0000 -0.6386
vn -0.8332 -0.0000 -0.5530
vn -0.8873 -0.0000 -0.4613
vn -0.9313 -0.0000 -0.3643
vn -0.9647 -0.0000 -0.2634
vn -0.9647 -0.0000 -0.2633
vn -0.9873 -0.0000 -0.1587
vn -0.9872 -0.0000 -0.1593
vn -0.9872 -0.0000 -0.1592
vn -0.9873 -0.0000 -0.1590
vn -0.9986 -0.0000 -0.0532
vn -0.9986 -0.0000 0.0532
vn -0.9874 -0.0000 0.1582
vn -0.9873 -0.0000 0.1592
vn -0.9873 -0.0000 0.1591
vn -0.9647 -0.0000 0.2634
vn -0.9647 -0.0000 0.2633
vn -0.9647 -0.0000 0.2632
vn -0.9313 -0.0000 0.3643
vn -0.8873 -0.0000 0.4613
vn -0.8332 -0.0000 0.5530
vn -0.7697 -0.0000 0.6385
vn -0.7697 -0.0000 0.6384
vn -0.6975 -0.0000 0.7166
vn -0.6976 -0.0000 0.7165
vn -0.6175 -0.0000 0.7866
vn -0.6173 -0.0000 0.7867
vn -0.5302 -0.0000 0.8478
vn -0.1324 -0.0000 0.9912
vn 0.0798 -0.0000 0.9968
vn 0.3567 -0.0000 0.9342
vn 0.3886 -0.0017 0.9214
vn 0.4059 -0.0000 0.9139
vn 0.6563 -0.0006 0.7545
vn 0.5746 -0.0000 0.8184
vn 0.5747 -0.0000 0.8184
vn 0.4843 -0.0000 0.8749
vn 0.3567 0.0015 0.9342
vn -0.0000 -0.0000 1.0000
vn -0.0103 0.5810 -0.8138
vn -0.0000 -0.8144 -0.5803
vn -0.0062 -0.5601 -0.8284
vn -0.0105 -0.5601 -0.8284
vn -0.0034 -0.5603 -0.8283
vn 0.0003 0.8298 -0.5580
vn -0.0003 0.8293 -0.5589
vn -0.0007 0.8277 -0.5611
vn -0.0000 0.7979 -0.6028
vn -0.0000 0.7602 -0.6497
vn -0.0000 0.7600 -0.6499
vn -0.0000 0.6854 -0.7282
vn -0.0000 0.6854 -0.7281
vn -0.0000 0.6855 -0.7281
vn -0.0000 0.6053 -0.7960
vn -0.0000 0.6054 -0.7959
vn -0.0000 0.5211 -0.8535
vn -0.0000 0.4339 -0.9010
vn -0.0000 0.4338 -0.9010
vn -0.0000 0.3443 -0.9389
vn -0.0000 0.2536 -0.9673
vn -0.0000 0.1618 -0.9868
vn -0.0000 0.0694 -0.9976
vn -0.0000 0.0693 -0.9976
vn -0.0000 -0.0231 -0.9997
vn -0.0000 -0.0230 -0.9997
vn -0.0000 -0.1155 -0.9933
vn -0.0000 -0.2077 -0.9782
vn -0.0000 -0.2078 -0.9782
vn -0.0000 -0.2991 -0.9542
vn -0.0000 -0.2992 -0.9542
vn -0.0000 -0.3893 -0.9211
vn -0.0000 -0.4778 -0.8785
vn -0.0000 -0.4775 -0.8786
vn -0.0000 0.8306 -0.5569
vn -0.0000 0.8305 -0.5570
vn -0.0000 0.8865 -0.4627
vn -0.0000 0.9345 -0.3559
vn -0.0000 0.9704 -0.2414
vn -0.0000 0.9925 -0.1223
vn -0.0000 0.9925 -0.1220
vn -0.0000 0.9925 -0.1224
vn -0.0000 0.9925 0.1222
vn -0.0000 0.9925 0.1223
vn -0.0000 0.9925 0.1220
vn -0.0000 0.9704 0.2413
vn -0.0000 0.9704 0.2414
vn -0.0000 0.9346 0.3558
vn -0.0000 0.8865 0.4628
vn -0.0000 0.8865 0.4627
vn -0.0000 0.8277 0.5612
vn -0.0000 0.8277 0.5611
vn -0.0000 0.7602 0.6497
vn -0.0000 0.6855 0.7281
vn -0.0000 0.6854 0.7281
vn -0.0000 0.6053 0.7960
vn -0.0000 0.5212 0.8534
vn -0.0000 0.5211 0.8535
vn -0.0000 0.4337 0.9010
vn -0.0000 0.4337 0.9011
vn -0.0000 0.3444 0.9388
vn -0.0000 0.3445 0.9388
vn -0.0000 0.2535 0.9673
vn -0.0000 0.2536 0.9673
vn -0.0000 0.1618 0.9868
vn -0.0000 0.1617 0.9868
vn -0.0000 0.0694 0.9976
vn -0.0000 0.0695 0.9976
vn -0.0000 -0.0231 0.9997
vn -0.0000 -0.1156 0.9933
vn -0.0000 -0.2077 0.9782
vn -0.0000 -0.2992 0.9542
vn -0.0000 -0.2991 0.9542
vn -0.0000 -0.3893 0.9211
vn -0.0000 -0.4779 0.8784
vn -0.0000 -0.5637 0.8260
vn -0.0000 -0.5636 0.8260
vn -0.0000 -0.6460 0.7634
vn -0.0000 -0.6460 0.7633
vn -0.0000 -0.7237 0.6901
vn -0.0000 -0.7236 0.6903
vn -0.0000 -0.7949 0.6068
vn -0.0000 -0.7949 0.6067
vn -0.0000 -0.8585 0.5128
vn -0.0000 -0.8584 0.5129
vn -0.0000 -0.9120 0.4101
vn -0.0000 -0.9119 0.4103
vn -0.0000 -0.9120 0.4102
vn -0.0000 -0.9120 0.4103
vn -0.0000 -0.9542 0.2991
vn -0.0000 -0.9542 0.2993
vn -0.0000 -0.9541 0.2993
vn -0.0000 -0.9542 0.2992
vn -0.0000 -0.9833 0.1821
vn -0.0000 -0.9981 0.0612
vn -0.0000 -0.9981 -0.0613
vn -0.0000 -0.9981 -0.0612
vn -0.0000 -0.9833 -0.1822
vn -0.0000 -0.9542 -0.2993
vn -0.0000 -0.9541 -0.2994
vn -0.0000 -0.9542 -0.2992
vn -0.0000 -0.9120 -0.4103
vn -0.0000 -0.9119 -0.4103
vn -0.0000 -0.9120 -0.4102
vn -0.0000 -0.8585 -0.5128
vn -0.0000 -0.8584 -0.5129
vn -0.0022 -0.7949 -0.6068
vn -0.0000 -0.7811 -0.6244
vn -0.0000 -0.7237 -0.6902
vn -0.0000 -0.7236 -0.6902
vn -0.0000 -0.7237 -0.6901
vn -0.0000 -0.6461 -0.7633
vn -0.0000 -0.6460 -0.7633
vn -0.0000 -0.5636 -0.8260
vn -0.9943 -0.0000 0.1063
vn -0.9996 -0.0000 0.0266
vn -1.0000 -0.0006 -0.0000
vn -0.9996 -0.0000 -0.0266
vn -0.9943 -0.0000 -0.1063
vn -0.9943 -0.0000 -0.1066
vn -0.9774 -0.0000 -0.2115
vn -0.9774 -0.0000 -0.2114
vn -0.9493 -0.0000 -0.3143
vn -0.9106 -0.0000 -0.4134
vn -0.9106 -0.0000 -0.4133
vn -0.8615 -0.0000 -0.5077
vn -0.8615 -0.0000 -0.5078
vn -0.8614 -0.0000 -0.5080
vn -0.8025 -0.0000 -0.5966
vn -0.8026 -0.0000 -0.5965
vn -0.8025 -0.0000 -0.5967
vn -0.7346 -0.0000 -0.6785
vn -0.6585 -0.0000 -0.7526
vn -0.6580 -0.0000 -0.7530
vn -0.5746 -0.0000 -0.8184
vn -0.4843 -0.0000 -0.8749
vn -0.4844 -0.0000 -0.8749
vn -0.4844 -0.0000 -0.8748
vn -0.3886 -0.0000 -0.9214
vn -0.2879 -0.0000 -0.9577
vn -0.2884 -0.0000 -0.9575
vn -0.1852 -0.0000 -0.9827
vn -0.0799 -0.0000 -0.9968
vn 0.0267 -0.0000 -0.9996
vn 0.1326 -0.0000 -0.9912
vn 0.1327 -0.0000 -0.9912
vn 0.2373 -0.0000 -0.9714
vn 0.2374 -0.0000 -0.9714
vn 0.3391 -0.0000 -0.9407
vn 0.4372 -0.0000 -0.8994
vn 0.5301 -0.0000 -0.8479
vn 0.5303 -0.0000 -0.8478
vn 0.6178 -0.0000 -0.7863
vn 0.6173 -0.0000 -0.7867
vn 0.6174 -0.0000 -0.7866
vn 0.6976 -0.0000 -0.7165
vn 0.6973 -0.0000 -0.7168
vn 0.7697 -0.0000 -0.6384
vn 0.8332 -0.0000 -0.5530
vn 0.8873 -0.0000 -0.4612
vn 0.9313 -0.0000 -0.3642
vn 0.9313 -0.0000 -0.3643
vn 0.9648 -0.0000 -0.2631
vn 0.9873 -0.0000 -0.1591
vn 0.9986 -0.0000 -0.0533
vn 0.9986 -0.0000 0.0533
vn 0.9986 -0.0000 0.0532
vn 0.9873 -0.0000 0.1591
vn 0.9648 -0.0000 0.2631
vn 0.9313 -0.0000 0.3643
vn 0.9313 -0.0000 0.3642
vn 0.8873 -0.0000 0.4612
vn 0.8332 -0.0000 0.5530
vn 0.7698 -0.0000 0.6383
vn 0.6973 -0.0000 0.7168
vn 0.6976 -0.0000 0.7165
vn 0.6174 -0.0000 0.7867
vn 0.5303 -0.0000 0.8478
vn 0.4371 -0.0000 0.8994
vn 0.3387 -0.0000 0.9409
vn 0.3392 -0.0000 0.9407
vn 0.2374 -0.0000 0.9714
vn 0.1327 -0.0000 0.9912
vn 0.1326 -0.0000 0.9912
vn 0.0266 -0.0000 0.9996
vn -0.0798 -0.0000 0.9968
vn -0.0799 -0.0000 0.9968
vn -0.1852 -0.0000 0.9827
vn -0.2879 -0.0000 0.9577
vn -0.2886 -0.0000 0.9575
vn -0.3887 -0.0000 0.9214
vn -0.3888 -0.0000 0.9213
vn -0.4843 -0.0000 0.8749
vn -0.4844 -0.0000 0.8748
vn -0.5746 -0.0000 0.8184
vn -0.5744 -0.0000 0.8186
vn -0.6583 -0.0000 0.7527
vn -0.6584 -0.0000 0.7527
vn -0.7347 -0.0000 0.6784
vn -0.8026 -0.0000 0.5966
vn -0.8615 -0.0000 0.5077
vn -0.8615 -0.0000 0.5078
vn -0.8616 -0.0000 0.5077
vn -0.8614 -0.0000 0.5080
vn -0.9106 -0.0000 0.4132
vn -0.9106 -0.0000 0.4133
vn -0.9495 -0.0000 0.3139
vn -0.9493 -0.0000 0.3143
vn -0.9774 -0.0000 0.2115
vn -0.9774 -0.0000 0.2114
vn -1.0000 -0.0000 -0.0000
vn 0.6218 -0.0000 0.7832
vn 0.6216 -0.0000 0.7833
vn 0.5378 -0.0000 0.8431
vn 0.4476 -0.0000 0.8942
vn 0.4478 -0.0000 0.8941
vn 0.3534 -0.0000 0.9355
vn 0.2815 -0.0000 0.9596
vn 0.2552 0.0030 0.9669
vn -0.0577 0.0005 0.9983
vn -0.0534 0.0014 0.9986
vn -0.0516 0.0017 0.9987
vn -0.0086 -0.0000 1.0000
vn 0.0514 -0.0000 0.9987
vn 0.1541 -0.0000 0.9881
vn 0.1544 -0.0000 0.9880
vn 0.1543 -0.0000 0.9880
vn 0.2316 -0.0000 0.9728
vn -0.6217 -0.0000 0.7833
vn -0.6216 -0.0000 0.7833
vn -0.5378 -0.0000 0.8431
vn -0.4478 -0.0000 0.8941
vn -0.4476 -0.0000 0.8942
vn -0.3533 -0.0000 0.9355
vn -0.3538 -0.0000 0.9353
vn -0.3535 -0.0000 0.9354
vn -0.2549 -0.0000 0.9670
vn -0.2553 -0.0000 0.9669
vn -0.2550 -0.0000 0.9669
vn -0.1544 -0.0000 0.9880
vn -0.0601 -0.0000 0.9982
vn 0.9873 -0.0000 -0.1590
vn 0.8332 -0.0000 -0.5529
vn 0.8333 -0.0000 -0.5529
vn 0.6176 -0.0000 -0.7865
vn 0.2375 -0.0000 -0.9714
vn -0.5746 -0.0000 -0.8185
vn -0.8027 -0.0000 -0.5964
vn -0.9494 -0.0000 -0.3140
vn -0.9943 -0.0000 0.1066
vn -0.9494 -0.0000 0.3140
vn -0.9106 -0.0000 0.4134
vn -0.8026 -0.0000 0.5965
vn -0.5744 -0.0000 0.8185
vn -0.5747 -0.0000 0.8184
vn 0.2373 -0.0000 0.9714
vn 0.2375 -0.0000 0.9714
vn 0.3390 -0.0000 0.9408
vn 0.4372 -0.0000 0.8994
vn 0.9873 -0.0000 0.1590
vn 0.9986 -0.0000 -0.0532
vn 0.9872 -0.0000 -0.1592
vn 0.9647 -0.0000 -0.2633
vn 0.9647 -0.0000 -0.2632
vn 0.9648 -0.0000 -0.2630
vn 0.8872 -0.0000 -0.4613
vn 0.7695 -0.0000 -0.6386
vn 0.7696 -0.0000 -0.6385
vn 0.7699 -0.0000 -0.6382
vn 0.6975 -0.0000 -0.7166
vn 0.6174 -0.0000 -0.7867
vn 0.5300 -0.0000 -0.8480
vn 0.4373 -0.0000 -0.8993
vn 0.3392 -0.0000 -0.9407
vn 0.2372 -0.0000 -0.9715
vn 0.1325 -0.0000 -0.9912
vn 0.0266 -0.0000 -0.9996
vn -0.0797 -0.0000 -0.9968
vn -0.0801 -0.0000 -0.9968
vn -0.1849 -0.0000 -0.9828
vn -0.1850 -0.0000 -0.9827
vn -0.1851 -0.0000 -0.9827
vn -0.2886 -0.0000 -0.9575
vn -0.2887 -0.0000 -0.9574
vn -0.3887 -0.0000 -0.9214
vn -0.5747 -0.0000 -0.8184
vn -0.6583 -0.0000 -0.7527
vn -0.6583 -0.0000 -0.7528
vn -0.7348 -0.0000 -0.6783
vn -0.7347 -0.0000 -0.6784
vn -0.7349 -0.0000 -0.6782
vn -0.8613 -0.0000 -0.5080
vn -0.8614 -0.0000 -0.5079
vn -0.9105 -0.0000 -0.4134
vn -0.9105 -0.0000 -0.4135
vn -0.9494 -0.0000 -0.3142
vn -0.9943 -0.0000 -0.1065
vn -0.9943 -0.0000 -0.1064
vn -0.9943 -0.0000 0.1064
vn -0.9943 -0.0000 0.1065
vn -0.9105 -0.0000 0.4134
vn -0.8613 -0.0000 0.5081
vn -0.8614 -0.0000 0.5079
vn -0.8025 -0.0000 0.5966
vn -0.6585 -0.0000 0.7526
vn -0.5745 -0.0000 0.8185
vn -0.4846 -0.0000 0.8747
vn -0.3886 -0.0000 0.9214
vn -0.2887 -0.0000 0.9574
vn -0.1853 -0.0000 0.9827
vn -0.0796 -0.0000 0.9968
vn -0.0800 -0.0000 0.9968
vn -0.0801 -0.0000 0.9968
vn -0.0797 -0.0000 0.9968
vn 0.1328 -0.0000 0.9911
vn 0.2371 -0.0000 0.9715
vn 0.5300 -0.0000 0.8480
vn 0.6175 -0.0000 0.7866
vn 0.6173 -0.0000 0.7867
vn 0.6975 -0.0000 0.7166
vn 0.6974 -0.0000 0.7167
vn 0.7698 -0.0000 0.6382
vn 0.8332 -0.0000 0.5529
vn 0.8872 -0.0000 0.4613
vn 0.8873 -0.0000 0.4613
vn 0.9647 -0.0000 0.2632
vn 0.9872 -0.0000 0.1592
vn 0.9986 -0.0000 0.0531
vn -0.1217 -0.0001 -0.9926
vn -0.1218 -0.0000 -0.9926
vn -0.1217 -0.0000 -0.9926
vn -0.1219 -0.0000 -0.9925
vn -0.1216 -0.0000 -0.9926
vn -0.1218 0.0001 -0.9926
vn -0.1220 -0.0000 -0.9925
vn -0.1220 0.0001 -0.9925
vn -0.1216 -0.0001 -0.9926
vn -0.1218 -0.0001 -0.9926
vn -0.1219 -0.0001 -0.9925
vn -0.1214 -0.0000 -0.9926
vn -0.9929 -0.0000 0.1192
vn -0.0000 1.0000 0.0001
vn 0.7069 -0.0000 -0.7073
vn -0.7071 -0.0000 -0.7071
vn -0.7071 0.0001 -0.7071
vn -0.7070 0.0001 -0.7072
vn -0.7070 -0.0000 -0.7072
vn 0.2902 -0.6521 -0.7004
vn -0.9929 -0.0000 -0.1192
vn -0.9929 -0.0000 -0.1191
vn -0.9928 -0.0000 -0.1194
vn -0.7070 -0.0000 0.7072
vn -0.7070 -0.0000 0.7073
vn -0.7069 -0.0000 0.7073
vn -0.0000 -1.0000 0.0003
vn 0.7115 -0.0000 -0.7027
vn 0.7697 -0.0000 0.6385
vn 0.7697 -0.0000 0.6384
vn 0.8331 -0.0000 0.5531
vn 0.9647 -0.0000 0.2634
vn 0.9873 -0.0000 -0.1592
vn 0.9647 -0.0000 -0.2634
vn 0.9312 -0.0000 -0.3646
vn 0.8873 -0.0000 -0.4613
vn 0.8331 -0.0000 -0.5531
vn 0.7695 -0.0000 -0.6387
vn 0.7697 -0.0000 -0.6385
vn 0.7114 -0.0000 0.7028
vn 0.6730 0.0055 0.7396
vn 0.6414 -0.0000 0.7672
vn 0.6174 0.0022 0.7866
vn -0.6208 -0.0000 0.7839
vn -0.4845 -0.0000 0.8748
vn -0.3889 -0.0000 0.9213
vn -0.2885 -0.0000 0.9575
vn -0.1854 -0.0000 0.9827
vn -0.1850 -0.0000 0.9827
vn 0.0265 -0.0000 0.9996
vn 0.0268 -0.0000 0.9996
vn 0.1323 -0.0000 0.9912
vn 0.1320 -0.0000 0.9913
vn 0.1325 -0.0000 0.9912
vn 0.2377 -0.0000 0.9713
vn 0.3317 -0.0000 0.9434
vn 0.3340 -0.0001 0.9426
vn 0.3371 -0.0002 0.9415
vn 0.3390 -0.0003 0.9408
vn 0.3320 0.0013 0.9433
vn 0.3339 0.0008 0.9426
vn 0.3373 0.0002 0.9414
vn 0.3391 -0.0000 0.9407
vn 0.1324 -0.0000 0.9912
vn -0.3890 -0.0000 0.9212
vn -0.7346 -0.0000 0.6785
vn -0.8024 -0.0000 0.5967
vn -0.8616 -0.0000 0.5076
vn -0.9493 -0.0000 0.3142
vn -0.9494 -0.0000 0.3141
vn -0.9774 -0.0000 0.2113
vn -0.9775 -0.0000 0.2110
vn 0.7114 -0.0000 -0.7028
vn 0.6975 0.0021 -0.7166
vn 0.6730 -0.0000 -0.7397
vn 0.6175 -0.0000 -0.7866
vn 0.5307 -0.0000 -0.8476
vn 0.4371 -0.0000 -0.8994
vn 0.4369 -0.0000 -0.8995
vn 0.4370 -0.0000 -0.8995
vn 0.1328 -0.0000 -0.9911
vn 0.0265 -0.0000 -0.9996
vn -0.0800 -0.0000 -0.9968
vn -0.0798 -0.0000 -0.9968
vn -0.0796 -0.0000 -0.9968
vn -0.1853 -0.0000 -0.9827
vn -0.2886 -0.0000 -0.9574
vn -0.2885 -0.0000 -0.9575
vn -0.3889 -0.0000 -0.9213
vn -0.5748 -0.0000 -0.8183
vn -0.9495 -0.0000 -0.3139
vn -0.9774 -0.0000 -0.2116
vn -0.9773 -0.0000 -0.2119
vn -1.0000 -0.0019 -0.0000
vn 0.3815 -0.0000 0.9244
vn 0.5304 -0.0000 0.8478
vn 0.5302 -0.0000 0.8479
vn 0.5997 -0.0000 0.8002
vn 0.9943 -0.0000 0.1065
vn 0.9996 -0.0000 0.0268
vn 1.0000 0.0004 -0.0000
vn 0.9996 -0.0000 -0.0267
vn 0.9774 -0.0000 -0.2114
vn 0.9774 -0.0000 -0.2113
vn 0.9494 -0.0000 -0.3142
vn 0.9494 -0.0000 -0.3141
vn 0.9105 -0.0000 -0.4135
vn 0.9105 -0.0000 -0.4134
vn 0.8614 -0.0000 -0.5079
vn 0.8025 -0.0000 -0.5967
vn 0.7347 -0.0000 -0.6784
vn 0.7346 -0.0000 -0.6785
vn 0.6584 -0.0000 -0.7527
vn 0.6584 -0.0000 -0.7526
vn 0.5747 -0.0000 -0.8184
vn 0.5746 -0.0000 -0.8184
vn 0.4844 -0.0000 -0.8749
vn 0.3887 -0.0000 -0.9214
vn 0.2883 -0.0000 -0.9575
vn 0.2884 -0.0000 -0.9575
vn 0.1855 -0.0000 -0.9826
vn 0.1854 -0.0000 -0.9827
vn 0.0796 -0.0000 -0.9968
vn 0.0794 -0.0000 -0.9968
vn -0.0264 -0.0000 -0.9997
vn -0.1326 -0.0000 -0.9912
vn -0.2373 -0.0000 -0.9714
vn -0.3391 -0.0000 -0.9408
vn -0.3390 -0.0000 -0.9408
vn -0.3389 -0.0000 -0.9408
vn -0.5300 -0.0000 -0.8480
vn -0.5303 -0.0000 -0.8478
vn -0.6174 -0.0000 -0.7866
vn -0.7698 -0.0000 -0.6382
vn -0.8333 -0.0000 -0.5528
vn -0.8333 -0.0000 -0.5529
vn -0.8332 -0.0000 -0.5529
vn -0.8872 -0.0000 -0.4614
vn -0.8872 -0.0000 -0.4613
vn -0.8873 -0.0000 -0.4612
vn -0.9313 -0.0000 -0.3642
vn -0.9647 -0.0000 -0.2632
vn -0.9648 -0.0000 -0.2631
vn -0.9986 -0.0000 -0.0533
vn -0.9986 -0.0000 -0.0534
vn -0.9986 -0.0000 0.0534
vn -0.9873 -0.0000 0.1590
vn -0.9648 -0.0000 0.2632
vn -0.9313 -0.0000 0.3644
vn -0.9312 -0.0000 0.3644
vn -0.8873 -0.0000 0.4612
vn -0.8333 -0.0000 0.5528
vn -0.8332 -0.0000 0.5529
vn -0.7696 -0.0000 0.6385
vn -0.7698 -0.0000 0.6382
vn -0.7695 -0.0000 0.6386
vn -0.6974 -0.0000 0.7167
vn -0.6176 -0.0000 0.7865
vn -0.5301 -0.0000 0.8479
vn -0.3393 -0.0000 0.9407
vn -0.2373 -0.0000 0.9714
vn -0.1327 -0.0000 0.9912
vn -0.1326 -0.0000 0.9912
vn -0.0267 -0.0000 0.9996
vn 0.1848 -0.0000 0.9828
vn 0.1851 -0.0000 0.9827
vn 0.1852 -0.0000 0.9827
vn 0.3887 -0.0000 0.9214
vn 0.3888 -0.0000 0.9213
vn 0.4845 -0.0000 0.8748
vn 0.5747 -0.0000 0.8183
vn 0.6581 -0.0000 0.7530
vn 0.6577 -0.0000 0.7532
vn 0.6582 -0.0000 0.7528
vn 0.7346 -0.0000 0.6785
vn 0.7346 -0.0000 0.6786
vn 0.8025 -0.0000 0.5966
vn 0.8025 -0.0000 0.5967
vn 0.8615 -0.0000 0.5077
vn 0.9106 -0.0000 0.4134
vn 0.9105 -0.0000 0.4134
vn 0.9106 -0.0000 0.4132
vn 0.9493 -0.0000 0.3144
vn 0.9774 -0.0000 0.2114
vn 0.9774 -0.0000 0.2112
vn 0.9773 -0.0000 0.2117
vn 0.9943 -0.0000 0.1066
vn -0.0000 0.6562 -0.7546
vn -0.0000 0.6561 -0.7547
vn -0.0000 0.6560 -0.7547
vn 0.0001 0.6561 -0.7547
vn -0.0000 -0.6561 -0.7547
vn -0.0000 -0.6562 -0.7546
vn 0.0001 -0.6561 -0.7547
vn -0.0000 -0.6560 -0.7548
vn 0.9943 -0.0000 0.1063
vn 0.9774 -0.0000 0.2116
vn 0.9774 -0.0000 0.2115
vn 0.9493 -0.0000 0.3143
vn 0.8614 -0.0000 0.5079
vn 0.8027 -0.0000 0.5963
vn 0.6583 -0.0000 0.7527
vn 0.6584 -0.0000 0.7527
vn 0.6584 -0.0000 0.7526
vn 0.5748 -0.0000 0.8183
vn 0.4844 -0.0000 0.8748
vn 0.2880 -0.0000 0.9576
vn 0.2888 -0.0000 0.9574
vn 0.1853 -0.0000 0.9827
vn 0.0133 -0.0000 0.9999
vn -0.0267 -0.0007 0.9996
vn -0.0306 -0.0005 0.9995
vn -0.0378 -0.0000 0.9993
vn -0.0398 -0.0000 0.9992
vn -0.1328 -0.0000 0.9911
vn -0.1329 -0.0000 0.9911
vn -0.2372 -0.0000 0.9715
vn -0.4372 -0.0000 0.8994
vn -0.6174 -0.0000 0.7866
vn -0.8333 -0.0000 0.5529
vn -0.8872 -0.0000 0.4613
vn -0.8872 -0.0000 0.4614
vn -0.9649 -0.0000 0.2627
vn -0.9648 -0.0000 0.2631
vn -0.9986 -0.0000 0.0533
vn -0.9873 -0.0000 -0.1591
vn -0.9647 -0.0000 -0.2635
vn -0.9648 -0.0000 -0.2632
vn -0.7697 -0.0000 -0.6384
vn -0.6976 -0.0000 -0.7165
vn -0.5302 -0.0000 -0.8479
vn -0.1328 -0.0000 -0.9911
vn -0.0266 -0.0000 -0.9996
vn 0.2882 -0.0000 -0.9576
vn 0.4847 -0.0000 -0.8747
vn 0.4846 -0.0000 -0.8748
vn 0.5746 -0.0000 -0.8185
vn 0.5745 -0.0000 -0.8185
vn 0.8026 -0.0000 -0.5966
vn 0.9106 -0.0000 -0.4133
vn 0.9106 -0.0000 -0.4132
vn 0.9493 -0.0000 -0.3143
vn 0.9943 -0.0000 -0.1066
vn 0.9996 -0.0000 -0.0265
vn 1.0000 0.0009 -0.0000
vn 0.9996 -0.0000 0.0266
vn -0.7070 -0.0000 -0.7073
vn 0.7546 -0.6562 -0.0000
vn 0.7546 0.6562 -0.0000
vn -0.7546 0.6562 -0.0000
vn -0.7546 -0.6562 -0.0000
vn 0.9986 -0.0000 0.0525
vn 0.9877 -0.0000 0.1566
vn 0.9877 -0.0000 0.1564
vn 0.9659 -0.0000 0.2589
vn 0.9659 -0.0000 0.2590
vn 0.9335 -0.0000 0.3586
vn 0.9335 -0.0000 0.3587
vn 0.9334 -0.0000 0.3587
vn 0.8909 -0.0000 0.4541
vn 0.8909 -0.0000 0.4542
vn 0.8387 -0.0000 0.5446
vn 0.8386 -0.0000 0.5448
vn 0.8385 -0.0000 0.5448
vn 0.8386 -0.0000 0.5447
vn 0.7771 -0.0000 0.6294
vn 0.7770 -0.0000 0.6295
vn 0.7070 -0.0000 0.7072
vn 0.7071 -0.0000 0.7072
vn 0.6291 -0.0000 0.7773
vn 0.6293 -0.0000 0.7771
vn 0.6292 -0.0000 0.7773
vn 0.6294 -0.0000 0.7771
vn 0.5445 -0.0000 0.8388
vn 0.5444 -0.0000 0.8388
vn 0.5446 -0.0000 0.8387
vn 0.4537 -0.0000 0.8912
vn 0.4537 -0.0000 0.8911
vn 0.4538 -0.0000 0.8911
vn 0.3582 -0.0000 0.9336
vn 0.3583 -0.0000 0.9336
vn 0.2589 -0.0000 0.9659
vn 0.2583 -0.0000 0.9661
vn 0.2584 -0.0000 0.9660
vn 0.1563 -0.0000 0.9877
vn 0.1564 -0.0000 0.9877
vn 0.0523 -0.0000 0.9986
vn 0.0524 -0.0000 0.9986
vn -0.0523 -0.0000 0.9986
vn -0.0524 -0.0000 0.9986
vn -0.1564 -0.0000 0.9877
vn -0.1563 -0.0000 0.9877
vn -0.2583 -0.0000 0.9661
vn -0.2584 -0.0000 0.9660
vn -0.2586 -0.0000 0.9660
vn -0.3583 -0.0000 0.9336
vn -0.3582 -0.0000 0.9336
vn -0.4538 -0.0000 0.8911
vn -0.4537 -0.0000 0.8912
vn -0.5446 -0.0000 0.8387
vn -0.5445 -0.0000 0.8388
vn -0.5444 -0.0000 0.8388
vn -0.6291 -0.0000 0.7773
vn -0.6291 -0.0000 0.7774
vn -0.6290 -0.0000 0.7774
vn -0.7072 -0.0000 0.7071
vn -0.7071 -0.0000 0.7071
vn -0.7770 -0.0000 0.6295
vn -0.8385 -0.0000 0.5449
vn -0.8386 -0.0000 0.5448
vn -0.8909 -0.0000 0.4541
vn -0.8909 -0.0000 0.4542
vn -0.9335 -0.0000 0.3586
vn -0.9334 -0.0000 0.3587
vn -0.9335 -0.0000 0.3587
vn -0.9659 -0.0000 0.2589
vn -0.9659 -0.0000 0.2590
vn -0.9877 -0.0000 0.1566
vn -0.9877 -0.0000 0.1564
vn -0.9986 -0.0000 0.0523
vn -0.8835 -0.0000 0.4684
vn -0.8837 -0.0002 0.4681
vn 0.8659 -0.0000 0.5002
vn 0.8658 0.0002 0.5003
vn 0.8659 -0.0001 0.5001
vn 0.8660 -0.0000 0.5000
vn -0.8853 -0.0000 -0.4651
vn 0.8857 -0.0000 -0.4643
vn -0.8965 -0.0000 -0.4431
vn -0.8964 -0.0001 -0.4432
vn -0.8964 -0.0000 -0.4433
vn 0.8965 -0.0000 0.4431
vn -0.8111 -0.0000 0.5849
vn 0.8267 -0.0000 -0.5626
vn -0.8107 -0.0000 0.5855
vn -0.4623 -0.0000 0.8867
vn -0.4624 -0.0000 0.8867
vn -0.5418 -0.0000 0.8405
vn -0.6219 -0.0000 0.7831
vn -0.6982 -0.0000 0.7159
vn -0.7672 -0.0000 0.6414
vn -0.7671 -0.0000 0.6415
vn -0.8178 -0.0000 0.5755
vn -0.8616 -0.0000 0.5075
vn -0.8617 -0.0000 0.5075
vn -0.9064 -0.0000 0.4223
vn -0.9064 -0.0000 0.4224
vn -0.9065 -0.0000 0.4222
vn -0.9065 -0.0000 0.4223
vn -0.9415 -0.0000 0.3371
vn -0.9696 -0.0000 0.2445
vn -0.9696 -0.0000 0.2446
vn -0.9888 -0.0000 0.1493
vn -0.9988 -0.0000 0.0491
vn -0.9988 -0.0000 0.0490
vn -0.9252 -0.0000 -0.3794
vn 0.9251 -0.0000 0.3797
vn 0.0157 -0.0000 0.9999
vn 0.0684 -0.0000 0.9977
vn 0.0685 -0.0000 0.9977
vn 0.1669 -0.0000 0.9860
vn 0.1668 -0.0000 0.9860
vn 0.2595 -0.0000 0.9657
vn 0.3430 -0.0000 0.9393
vn 0.3434 -0.0000 0.9392
vn 0.3431 -0.0000 0.9393
vn 0.4286 -0.0000 0.9035
vn 0.5102 -0.0000 0.8601
vn 0.5101 -0.0000 0.8601
vn 0.5876 -0.0000 0.8092
vn 0.5876 -0.0000 0.8091
vn 0.5872 -0.0000 0.8095
vn 0.6656 -0.0000 0.7463
vn 0.6655 -0.0000 0.7464
vn 0.7385 -0.0000 0.6743
vn 0.7385 -0.0000 0.6742
vn 0.8022 -0.0000 0.5970
vn 0.8022 -0.0000 0.5971
vn 0.8021 -0.0000 0.5971
vn 0.8557 -0.0000 0.5175
vn 0.8557 -0.0000 0.5174
vn 0.8556 -0.0000 0.5176
vn 0.9016 -0.0000 0.4326
vn 0.9395 -0.0000 0.3425
vn 0.9678 -0.0000 0.2516
vn 0.9871 -0.0000 0.1601
vn 0.9871 -0.0000 0.1600
vn 0.9982 -0.0000 0.0607
vn 0.9996 -0.0000 -0.0278
vn 0.9996 -0.0000 -0.0281
vn 0.9962 -0.0000 -0.0872
vn 0.9846 -0.0000 -0.1749
vn 0.9651 -0.0000 -0.2620
vn 0.9650 -0.0000 -0.2621
vn 0.9371 -0.0000 -0.3490
vn 0.8978 -0.0000 -0.4403
vn 0.8979 -0.0000 -0.4402
vn 0.8979 -0.0000 -0.4403
vn 0.8452 -0.0000 -0.5344
vn 0.7877 -0.0000 -0.6161
vn 0.7877 -0.0000 -0.6160
vn 0.7876 -0.0000 -0.6162
vn 0.7223 -0.0000 -0.6916
vn 0.7222 -0.0000 -0.6917
vn 0.6458 -0.0000 -0.7635
vn 0.6457 -0.0000 -0.7636
vn 0.6459 -0.0000 -0.7635
vn 0.5656 -0.0000 -0.8247
vn 0.5654 -0.0000 -0.8248
vn 0.4909 -0.0000 -0.8712
vn 0.4908 -0.0000 -0.8713
vn 0.4910 -0.0000 -0.8712
vn 0.4123 -0.0000 -0.9110
vn 0.4119 -0.0000 -0.9112
vn 0.4118 -0.0000 -0.9113
vn 0.3271 -0.0000 -0.9450
vn 0.3269 -0.0000 -0.9451
vn 0.2310 -0.0000 -0.9730
vn 0.2309 -0.0000 -0.9730
vn 0.1401 -0.0000 -0.9901
vn 0.1400 -0.0000 -0.9901
vn 0.0499 -0.0000 -0.9988
vn 0.0497 -0.0000 -0.9988
vn -0.9999 -0.0000 -0.0109
vn -0.9977 -0.0000 -0.0679
vn -0.9869 -0.0000 -0.1612
vn -0.9869 -0.0000 -0.1613
vn -0.9668 -0.0000 -0.2554
vn -0.9669 -0.0000 -0.2550
vn -0.9669 -0.0000 -0.2553
vn -0.9376 -0.0000 -0.3476
vn -0.9377 -0.0000 -0.3475
vn -0.9376 -0.0000 -0.3477
vn -0.8989 -0.0000 -0.4381
vn -0.8512 -0.0000 -0.5249
vn -0.8512 -0.0000 -0.5248
vn -0.8511 -0.0000 -0.5250
vn -0.7962 -0.0000 -0.6050
vn -0.7963 -0.0000 -0.6049
vn -0.7964 -0.0000 -0.6048
vn -0.6635 -0.0000 -0.7482
vn -0.6636 -0.0000 -0.7481
vn -0.5846 -0.0000 -0.8113
vn -0.5846 -0.0000 -0.8114
vn -0.5012 -0.0000 -0.8653
vn -0.5011 -0.0000 -0.8654
vn -0.5013 -0.0000 -0.8653
vn -0.4139 -0.0000 -0.9103
vn -0.4138 -0.0000 -0.9104
vn -0.3294 -0.0000 -0.9442
vn -0.3293 -0.0000 -0.9442
vn -0.2328 -0.0000 -0.9725
vn -0.2327 -0.0000 -0.9725
vn -0.1457 -0.0000 -0.9893
vn -0.1461 -0.0000 -0.9893
vn -0.1458 -0.0000 -0.9893
vn -0.0484 -0.0000 -0.9988
vn -0.0483 -0.0000 -0.9988
vn -0.0490 -0.0000 -0.9988
vn -0.0000 -1.0000 -0.0001
vn -0.0000 -1.0000 0.0005
vn -0.0000 -1.0000 -0.0007
vn -0.0000 -1.0000 -0.0003
vn -0.0000 -1.0000 -0.0025
vn -0.0000 -1.0000 0.0001
vn -0.0000 -1.0000 -0.0002
vn -0.0000 -1.0000 0.0002
vn -0.0000 -1.0000 -0.0005
vn -0.0113 -0.0000 0.9999
vn -0.0114 -0.0000 0.9999
vn -0.0112 -0.0000 0.9999
vn -0.0677 -0.0000 0.9977
vn -0.0676 -0.0000 0.9977
vn -0.1607 -0.0000 0.9870
vn -0.1609 -0.0000 0.9870
vn -0.3489 -0.0000 0.9372
vn -0.3487 -0.0000 0.9372
vn -0.4362 -0.0000 0.8998
vn -0.4363 -0.0000 0.8998
vn -0.4361 -0.0000 0.8999
vn -0.5266 -0.0000 0.8501
vn -0.5270 -0.0000 0.8499
vn -0.5267 -0.0000 0.8501
vn -0.6039 -0.0000 0.7970
vn -0.6040 -0.0000 0.7970
vn -0.6039 -0.0000 0.7971
vn -0.6821 -0.0000 0.7313
vn -0.6821 -0.0000 0.7312
vn -0.6822 -0.0000 0.7312
vn -0.7425 -0.0000 0.6699
vn -0.7428 -0.0000 0.6695
vn -0.7429 -0.0000 0.6695
vn -0.7962 -0.0000 0.6051
vn -0.7962 -0.0000 0.6050
vn -0.7960 -0.0000 0.6053
vn -0.8530 -0.0000 0.5218
vn -0.8530 -0.0000 0.5220
vn -0.8531 -0.0000 0.5218
vn -0.8530 -0.0000 0.5219
vn -0.9014 -0.0000 0.4330
vn -0.9015 -0.0000 0.4328
vn -0.9013 -0.0000 0.4333
vn -0.9393 -0.0000 0.3432
vn -0.9686 -0.0000 0.2486
vn -0.9882 -0.0000 0.1529
vn -0.9987 -0.0000 0.0518
vn 0.9989 -0.0000 0.0461
vn 0.9989 -0.0000 0.0459
vn 0.9908 -0.0000 0.1353
vn 0.9746 -0.0000 0.2239
vn 0.9494 -0.0000 0.3142
vn 0.9494 -0.0000 0.3139
vn 0.9495 -0.0000 0.3138
vn 0.9144 -0.0000 0.4048
vn 0.9144 -0.0000 0.4049
vn 0.8686 -0.0000 0.4954
vn 0.8689 -0.0000 0.4949
vn 0.8686 -0.0000 0.4955
vn 0.8136 -0.0000 0.5814
vn 0.8138 -0.0000 0.5812
vn 0.8139 -0.0000 0.5810
vn 0.7472 -0.0000 0.6645
vn 0.7476 -0.0000 0.6642
vn 0.7473 -0.0000 0.6645
vn 0.6765 -0.0000 0.7364
vn 0.6766 -0.0000 0.7364
vn 0.5989 -0.0000 0.8008
vn 0.5990 -0.0000 0.8008
vn 0.5170 -0.0000 0.8560
vn 0.5174 -0.0000 0.8557
vn 0.5173 -0.0000 0.8558
vn 0.5172 -0.0000 0.8559
vn 0.4262 -0.0000 0.9046
vn 0.4263 -0.0000 0.9046
vn 0.3388 -0.0000 0.9409
vn 0.3386 -0.0000 0.9409
vn 0.2427 -0.0000 0.9701
vn 0.2428 -0.0000 0.9701
vn 0.1492 -0.0000 0.9888
vn 0.1493 -0.0000 0.9888
vn 0.0502 -0.0000 0.9987
vn 0.0500 -0.0000 0.9987
vn 0.0501 -0.0000 0.9987
vn 0.0503 -0.0000 0.9987
vn 0.0440 -0.0000 -0.9990
vn 0.0441 -0.0000 -0.9990
vn 0.1477 -0.0000 -0.9890
vn 0.2443 -0.0000 -0.9697
vn 0.2444 -0.0000 -0.9697
vn 0.3389 -0.0000 -0.9408
vn 0.4251 -0.0000 -0.9051
vn 0.4250 -0.0000 -0.9052
vn 0.4253 -0.0000 -0.9051
vn 0.5120 -0.0000 -0.8590
vn 0.5119 -0.0000 -0.8591
vn 0.5121 -0.0000 -0.8589
vn 0.5904 -0.0000 -0.8071
vn 0.5906 -0.0000 -0.8070
vn 0.6654 -0.0000 -0.7465
vn 0.6652 -0.0000 -0.7467
vn 0.7393 -0.0000 -0.6734
vn 0.7392 -0.0000 -0.6734
vn 0.8057 -0.0000 -0.5923
vn 0.8604 -0.0000 -0.5097
vn 0.8605 -0.0000 -0.5095
vn 0.8604 -0.0000 -0.5096
vn 0.9050 -0.0000 -0.4255
vn 0.9048 -0.0000 -0.4259
vn 0.9430 -0.0000 -0.3329
vn 0.9428 -0.0000 -0.3335
vn 0.9429 -0.0000 -0.3332
vn 0.9707 -0.0000 -0.2402
vn 0.9707 -0.0000 -0.2403
vn 0.9895 -0.0000 -0.1446
vn 0.9895 -0.0000 -0.1445
vn 0.9989 -0.0000 -0.0467
vn -0.0284 -0.0000 -0.9996
vn -0.0281 -0.0000 -0.9996
vn -0.0287 -0.0000 -0.9996
vn -0.0989 -0.0000 -0.9951
vn -0.1957 -0.0000 -0.9807
vn -0.2900 -0.0000 -0.9570
vn -0.2896 -0.0000 -0.9571
vn -0.2901 -0.0000 -0.9570
vn -0.3810 -0.0000 -0.9246
vn -0.3812 -0.0000 -0.9245
vn -0.3809 -0.0000 -0.9246
vn -0.4629 -0.0000 -0.8864
vn -0.4631 -0.0000 -0.8863
vn -0.4627 -0.0000 -0.8865
vn -0.5449 -0.0000 -0.8385
vn -0.5448 -0.0000 -0.8386
vn -0.5451 -0.0000 -0.8384
vn -0.6242 -0.0000 -0.7812
vn -0.6243 -0.0000 -0.7812
vn -0.6244 -0.0000 -0.7811
vn -0.6956 -0.0000 -0.7184
vn -0.6957 -0.0000 -0.7183
vn -0.7644 -0.0000 -0.6448
vn -0.7643 -0.0000 -0.6448
vn -0.8252 -0.0000 -0.5648
vn -0.8754 -0.0000 -0.4834
vn -0.8755 -0.0000 -0.4832
vn -0.8754 -0.0000 -0.4833
vn -0.9149 -0.0000 -0.4038
vn -0.9148 -0.0000 -0.4039
vn -0.9148 -0.0000 -0.4038
vn -0.9514 -0.0000 -0.3080
vn -0.9514 -0.0000 -0.3081
vn -0.9766 -0.0000 -0.2150
vn -0.9911 -0.0000 -0.1333
vn -0.9911 -0.0000 -0.1332
vn -0.9911 -0.0000 -0.1331
vn -0.9991 -0.0000 -0.0423
vn 1.0000 -0.0000 -0.0064
vn 1.0000 -0.0000 -0.0070
vn 1.0000 -0.0000 -0.0065
vn 0.9982 -0.0000 -0.0593
vn 0.9880 -0.0000 -0.1547
vn 0.9880 -0.0000 -0.1542
vn 0.9880 -0.0000 -0.1546
vn 0.9771 -0.0000 -0.2128
vn 0.9771 -0.0000 -0.2129
vn 0.9354 -0.0000 -0.3536
vn 0.8984 -0.0000 -0.4391
vn 0.8985 -0.0000 -0.4390
vn 0.8484 -0.0000 -0.5293
vn 0.8485 -0.0000 -0.5292
vn 0.8484 -0.0000 -0.5294
vn 0.7885 -0.0000 -0.6150
vn 0.7297 -0.0000 -0.6838
vn 0.7296 -0.0000 -0.6838
vn 0.7296 -0.0000 -0.6839
vn 0.6603 -0.0000 -0.7510
vn 0.6599 -0.0000 -0.7513
vn 0.5821 -0.0000 -0.8131
vn 0.5820 -0.0000 -0.8132
vn 0.5823 -0.0000 -0.8130
vn 0.5068 -0.0000 -0.8621
vn 0.4249 -0.0000 -0.9052
vn 0.4251 -0.0000 -0.9052
vn 0.3333 -0.0000 -0.9428
vn 0.3332 -0.0000 -0.9429
vn 0.3334 -0.0000 -0.9428
vn 0.3335 -0.0000 -0.9427
vn 0.2386 -0.0000 -0.9711
vn 0.2384 -0.0000 -0.9712
vn 0.2387 -0.0000 -0.9711
vn 0.1407 -0.0000 -0.9900
vn 0.1406 -0.0000 -0.9901
vn 0.1408 -0.0000 -0.9900
vn 0.1409 -0.0000 -0.9900
vn 0.0406 -0.0000 -0.9992
vn 0.0349 -0.0000 0.9994
vn 0.0347 -0.0000 0.9994
vn 0.0352 -0.0000 0.9994
vn 0.1021 -0.0000 0.9948
vn 0.1023 -0.0000 0.9948
vn 0.1988 -0.0000 0.9800
vn 0.1990 -0.0000 0.9800
vn 0.1986 -0.0000 0.9801
vn 0.2939 -0.0000 0.9558
vn 0.2940 -0.0000 0.9558
vn 0.3824 -0.0000 0.9240
vn 0.3826 -0.0000 0.9239
vn 0.3822 -0.0000 0.9241
vn 0.4671 -0.0000 0.8842
vn 0.4672 -0.0000 0.8842
vn 0.4670 -0.0000 0.8843
vn 0.5521 -0.0000 0.8338
vn 0.5522 -0.0000 0.8337
vn 0.5520 -0.0000 0.8339
vn 0.6336 -0.0000 0.7736
vn 0.6335 -0.0000 0.7737
vn 0.6338 -0.0000 0.7735
vn 0.7059 -0.0000 0.7083
vn 0.7717 -0.0000 0.6360
vn 0.7716 -0.0000 0.6361
vn 0.7718 -0.0000 0.6359
vn 0.8282 -0.0000 0.5604
vn 0.8775 -0.0000 0.4795
vn 0.8775 -0.0000 0.4796
vn 0.8776 -0.0000 0.4794
vn 0.9187 -0.0000 0.3949
vn 0.9188 -0.0000 0.3948
vn 0.9532 -0.0000 0.3024
vn 0.9532 -0.0000 0.3023
vn 0.9772 -0.0000 0.2123
vn 0.9921 -0.0000 0.1257
vn 0.9921 -0.0000 0.1256
vn 0.9921 -0.0000 0.1258
vn 0.9991 -0.0000 0.0415
vn 0.9991 -0.0000 0.0416
vn 0.9991 -0.0000 0.0414
vn -0.9995 -0.0000 0.0331
vn -0.9995 -0.0000 0.0330
vn -0.9930 -0.0000 0.1185
vn -0.9930 -0.0000 0.1183
vn -0.9930 -0.0000 0.1184
vn -0.9766 -0.0000 0.2153
vn -0.9519 -0.0000 0.3065
vn -0.9520 -0.0000 0.3061
vn -0.9520 -0.0000 0.3062
vn -0.9183 -0.0000 0.3959
vn -0.8790 -0.0000 0.4768
vn -0.8791 -0.0000 0.4766
vn -0.8792 -0.0000 0.4765
vn -0.8303 -0.0000 0.5573
vn -0.8302 -0.0000 0.5574
vn -0.8304 -0.0000 0.5572
vn -0.7704 -0.0000 0.6376
vn -0.7707 -0.0000 0.6372
vn -0.7703 -0.0000 0.6377
vn -0.7039 -0.0000 0.7103
vn -0.7037 -0.0000 0.7105
vn -0.7040 -0.0000 0.7102
vn -0.6292 -0.0000 0.7772
vn -0.5563 -0.0000 0.8310
vn -0.5561 -0.0000 0.8311
vn -0.4803 -0.0000 0.8771
vn -0.4801 -0.0000 0.8772
vn -0.4804 -0.0000 0.8770
vn -0.3912 -0.0000 0.9203
vn -0.3913 -0.0000 0.9202
vn -0.3913 -0.0000 0.9203
vn -0.2975 -0.0000 0.9547
vn -0.2060 -0.0000 0.9786
vn -0.2062 -0.0000 0.9785
vn -0.1140 -0.0000 0.9935
vn -0.1139 -0.0000 0.9935
vn -0.0204 -0.0000 0.9998
vn -0.0206 -0.0000 0.9998
vn -0.0202 -0.0000 0.9998
vn -0.9993 -0.0000 -0.0382
vn -0.9929 -0.0000 -0.1186
vn -0.9930 -0.0000 -0.1182
vn -0.9757 -0.0000 -0.2193
vn -0.9756 -0.0000 -0.2196
vn -0.9756 -0.0000 -0.2194
vn -0.9498 -0.0000 -0.3129
vn -0.9498 -0.0000 -0.3130
vn -0.9138 -0.0000 -0.4062
vn -0.9137 -0.0000 -0.4064
vn -0.8681 -0.0000 -0.4964
vn -0.8680 -0.0000 -0.4966
vn -0.8128 -0.0000 -0.5826
vn -0.8127 -0.0000 -0.5826
vn -0.8128 -0.0000 -0.5825
vn -0.8129 -0.0000 -0.5824
vn -0.7513 -0.0000 -0.6600
vn -0.7510 -0.0000 -0.6603
vn -0.7510 -0.0000 -0.6604
vn -0.7509 -0.0000 -0.6604
vn -0.6837 -0.0000 -0.7298
vn -0.6836 -0.0000 -0.7298
vn -0.6833 -0.0000 -0.7301
vn -0.6122 -0.0000 -0.7907
vn -0.5278 -0.0000 -0.8494
vn -0.5279 -0.0000 -0.8493
vn -0.4361 -0.0000 -0.8999
vn -0.4363 -0.0000 -0.8998
vn -0.4360 -0.0000 -0.8999
vn -0.3433 -0.0000 -0.9392
vn -0.3436 -0.0000 -0.9391
vn -0.2511 -0.0000 -0.9680
vn -0.1519 -0.0000 -0.9884
vn -0.1518 -0.0000 -0.9884
vn -0.1517 -0.0000 -0.9884
vn -0.0480 -0.0000 -0.9988
vn -0.0479 -0.0000 -0.9989
vn -0.0481 -0.0000 -0.9988
vn 0.8835 -0.0000 0.4684
vn -0.8659 -0.0000 0.5002
vn -0.8659 -0.0001 0.5002
vn -0.8660 0.0001 0.5001
vn 0.8853 -0.0000 -0.4651
vn -0.8857 -0.0000 -0.4643
vn 0.8965 -0.0000 -0.4431
vn 0.8965 0.0001 -0.4430
vn 0.8965 -0.0000 -0.4430
vn -0.8966 -0.0000 0.4429
vn 0.8111 -0.0000 0.5849
vn -0.8267 -0.0000 -0.5626
vn 0.8107 -0.0000 0.5855
vn 0.4623 -0.0000 0.8867
vn 0.4622 -0.0000 0.8868
vn 0.5418 -0.0000 0.8405
vn 0.6219 -0.0000 0.7831
vn 0.6982 -0.0000 0.7159
vn 0.7672 -0.0000 0.6414
vn 0.8178 -0.0000 0.5755
vn 0.8617 -0.0000 0.5075
vn 0.8616 -0.0000 0.5076
vn 0.8616 -0.0000 0.5075
vn 0.9065 -0.0000 0.4223
vn 0.9064 -0.0000 0.4223
vn 0.9415 -0.0000 0.3371
vn 0.9695 -0.0000 0.2450
vn 0.9696 -0.0000 0.2446
vn 0.9695 -0.0000 0.2451
vn 0.9888 -0.0000 0.1493
vn 0.9888 -0.0000 0.1494
vn 0.9988 -0.0000 0.0490
vn 0.9988 -0.0000 0.0491
vn 0.9252 -0.0000 -0.3794
vn -0.9251 -0.0000 0.3797
vn -0.0156 -0.0000 0.9999
vn -0.0154 -0.0000 0.9999
vn -0.0157 -0.0000 0.9999
vn -0.0685 -0.0000 0.9977
vn -0.0684 -0.0000 0.9977
vn -0.0685 -0.0000 0.9976
vn -0.1669 -0.0000 0.9860
vn -0.1670 -0.0000 0.9860
vn -0.1668 -0.0000 0.9860
vn -0.2594 -0.0000 0.9658
vn -0.2595 -0.0000 0.9657
vn -0.3430 -0.0000 0.9393
vn -0.3429 -0.0000 0.9394
vn -0.3432 -0.0000 0.9393
vn -0.4286 -0.0000 0.9035
vn -0.5102 -0.0000 0.8600
vn -0.5101 -0.0000 0.8601
vn -0.5102 -0.0000 0.8601
vn -0.5103 -0.0000 0.8600
vn -0.5877 -0.0000 0.8091
vn -0.5878 -0.0000 0.8090
vn -0.6657 -0.0000 0.7462
vn -0.6656 -0.0000 0.7463
vn -0.6658 -0.0000 0.7462
vn -0.7383 -0.0000 0.6745
vn -0.7384 -0.0000 0.6744
vn -0.8022 -0.0000 0.5970
vn -0.8023 -0.0000 0.5970
vn -0.8022 -0.0000 0.5971
vn -0.8558 -0.0000 0.5173
vn -0.9014 -0.0000 0.4329
vn -0.9015 -0.0000 0.4329
vn -0.9395 -0.0000 0.3425
vn -0.9679 -0.0000 0.2515
vn -0.9871 -0.0000 0.1603
vn -0.9982 -0.0000 0.0605
vn -0.9982 -0.0000 0.0606
vn -0.9996 -0.0000 -0.0277
vn -0.9962 -0.0000 -0.0872
vn -0.9962 -0.0000 -0.0875
vn -0.9846 -0.0000 -0.1748
vn -0.9846 -0.0000 -0.1747
vn -0.9649 -0.0000 -0.2626
vn -0.9650 -0.0000 -0.2622
vn -0.9649 -0.0000 -0.2625
vn -0.9371 -0.0000 -0.3491
vn -0.8979 -0.0000 -0.4402
vn -0.8978 -0.0000 -0.4403
vn -0.8979 -0.0000 -0.4403
vn -0.8453 -0.0000 -0.5342
vn -0.8453 -0.0000 -0.5343
vn -0.8454 -0.0000 -0.5342
vn -0.7877 -0.0000 -0.6160
vn -0.7877 -0.0000 -0.6161
vn -0.7878 -0.0000 -0.6159
vn -0.7221 -0.0000 -0.6918
vn -0.7222 -0.0000 -0.6917
vn -0.6459 -0.0000 -0.7635
vn -0.6457 -0.0000 -0.7636
vn -0.6459 -0.0000 -0.7634
vn -0.6461 -0.0000 -0.7633
vn -0.5655 -0.0000 -0.8247
vn -0.5656 -0.0000 -0.8247
vn -0.4907 -0.0000 -0.8713
vn -0.4908 -0.0000 -0.8713
vn -0.4121 -0.0000 -0.9111
vn -0.4122 -0.0000 -0.9111
vn -0.4119 -0.0000 -0.9112
vn -0.4118 -0.0000 -0.9113
vn -0.3270 -0.0000 -0.9450
vn -0.3269 -0.0000 -0.9451
vn -0.2310 -0.0000 -0.9730
vn -0.2311 -0.0000 -0.9729
vn -0.1401 -0.0000 -0.9901
vn -0.1398 -0.0000 -0.9902
vn -0.1397 -0.0000 -0.9902
vn -0.1396 -0.0000 -0.9902
vn -0.0499 -0.0000 -0.9988
vn -0.0500 -0.0000 -0.9988
vn -0.0497 -0.0000 -0.9988
vn 0.9999 -0.0000 -0.0108
vn 0.9999 -0.0000 -0.0109
vn 0.9977 -0.0000 -0.0679
vn 0.9869 -0.0000 -0.1612
vn 0.9668 -0.0000 -0.2554
vn 0.9669 -0.0000 -0.2550
vn 0.9669 -0.0000 -0.2553
vn 0.9377 -0.0000 -0.3475
vn 0.8989 -0.0000 -0.4382
vn 0.8989 -0.0000 -0.4381
vn 0.8512 -0.0000 -0.5249
vn 0.8511 -0.0000 -0.5249
vn 0.8512 -0.0000 -0.5248
vn 0.8511 -0.0000 -0.5250
vn 0.7961 -0.0000 -0.6052
vn 0.7962 -0.0000 -0.6051
vn 0.7962 -0.0000 -0.6050
vn 0.7348 -0.0000 -0.6783
vn 0.7349 -0.0000 -0.6782
vn 0.6635 -0.0000 -0.7482
vn 0.6636 -0.0000 -0.7480
vn 0.6637 -0.0000 -0.7480
vn 0.5846 -0.0000 -0.8113
vn 0.5011 -0.0000 -0.8654
vn 0.5013 -0.0000 -0.8653
vn 0.4140 -0.0000 -0.9103
vn 0.4139 -0.0000 -0.9103
vn 0.4138 -0.0000 -0.9104
vn 0.3294 -0.0000 -0.9442
vn 0.2324 -0.0000 -0.9726
vn 0.2321 -0.0000 -0.9727
vn 0.2325 -0.0000 -0.9726
vn 0.1458 -0.0000 -0.9893
vn 0.1457 -0.0000 -0.9893
vn 0.0483 -0.0000 -0.9988
vn 0.0488 -0.0000 -0.9988
vn 0.0484 -0.0000 -0.9988
vn -0.0000 1.0000 -0.0001
vn -0.0000 1.0000 -0.0005
vn 0.0113 -0.0000 0.9999
vn 0.0112 -0.0000 0.9999
vn 0.0114 -0.0000 0.9999
vn 0.0677 -0.0000 0.9977
vn 0.0672 -0.0000 0.9977
vn 0.0676 -0.0000 0.9977
vn 0.1607 -0.0000 0.9870
vn 0.1606 -0.0000 0.9870
vn 0.2581 -0.0000 0.9661
vn 0.2580 -0.0000 0.9661
vn 0.2582 -0.0000 0.9661
vn 0.3489 -0.0000 0.9372
vn 0.3488 -0.0000 0.9372
vn 0.4362 -0.0000 0.8999
vn 0.4363 -0.0000 0.8998
vn 0.4362 -0.0000 0.8998
vn 0.5268 -0.0000 0.8500
vn 0.5266 -0.0000 0.8501
vn 0.5267 -0.0000 0.8501
vn 0.5269 -0.0000 0.8499
vn 0.6039 -0.0000 0.7970
vn 0.6040 -0.0000 0.7970
vn 0.6039 -0.0000 0.7971
vn 0.6821 -0.0000 0.7313
vn 0.6821 -0.0000 0.7312
vn 0.6822 -0.0000 0.7312
vn 0.7428 -0.0000 0.6695
vn 0.7962 -0.0000 0.6051
vn 0.7961 -0.0000 0.6051
vn 0.7960 -0.0000 0.6053
vn 0.8531 -0.0000 0.5218
vn 0.8530 -0.0000 0.5219
vn 0.8530 -0.0000 0.5220
vn 0.9015 -0.0000 0.4328
vn 0.9391 -0.0000 0.3435
vn 0.9392 -0.0000 0.3435
vn 0.9686 -0.0000 0.2486
vn 0.9686 -0.0000 0.2487
vn 0.9882 -0.0000 0.1529
vn 0.9987 -0.0000 0.0518
vn -0.9989 -0.0000 0.0459
vn -0.9989 -0.0000 0.0461
vn -0.9908 -0.0000 0.1353
vn -0.9746 -0.0000 0.2240
vn -0.9746 -0.0000 0.2239
vn -0.9494 -0.0000 0.3142
vn -0.9144 -0.0000 0.4049
vn -0.9144 -0.0000 0.4048
vn -0.8687 -0.0000 0.4954
vn -0.8689 -0.0000 0.4949
vn -0.8689 -0.0000 0.4950
vn -0.8138 -0.0000 0.5812
vn -0.8136 -0.0000 0.5814
vn -0.8139 -0.0000 0.5810
vn -0.7475 -0.0000 0.6643
vn -0.7472 -0.0000 0.6645
vn -0.6766 -0.0000 0.7364
vn -0.5987 -0.0000 0.8010
vn -0.5985 -0.0000 0.8011
vn -0.5170 -0.0000 0.8560
vn -0.5171 -0.0000 0.8559
vn -0.5169 -0.0000 0.8560
vn -0.4263 -0.0000 0.9046
vn -0.4264 -0.0000 0.9045
vn -0.2432 -0.0000 0.9700
vn -0.2429 -0.0000 0.9701
vn -0.2431 -0.0000 0.9700
vn -0.1492 -0.0000 0.9888
vn -0.1493 -0.0000 0.9888
vn -0.0502 -0.0000 0.9987
vn -0.0500 -0.0000 0.9987
vn -0.0506 -0.0000 0.9987
vn -0.0442 -0.0000 -0.9990
vn -0.0441 -0.0000 -0.9990
vn -0.0439 -0.0000 -0.9990
vn -0.0440 -0.0000 -0.9990
vn -0.1477 -0.0000 -0.9890
vn -0.1476 -0.0000 -0.9890
vn -0.2439 -0.0000 -0.9698
vn -0.2440 -0.0000 -0.9698
vn -0.2441 -0.0000 -0.9697
vn -0.4248 -0.0000 -0.9053
vn -0.4247 -0.0000 -0.9053
vn -0.4249 -0.0000 -0.9052
vn -0.5118 -0.0000 -0.8591
vn -0.5119 -0.0000 -0.8591
vn -0.5120 -0.0000 -0.8590
vn -0.5906 -0.0000 -0.8070
vn -0.5905 -0.0000 -0.8071
vn -0.6654 -0.0000 -0.7465
vn -0.6653 -0.0000 -0.7466
vn -0.6653 -0.0000 -0.7465
vn -0.7393 -0.0000 -0.6734
vn -0.7392 -0.0000 -0.6734
vn -0.8057 -0.0000 -0.5923
vn -0.8060 -0.0000 -0.5919
vn -0.8603 -0.0000 -0.5097
vn -0.8604 -0.0000 -0.5097
vn -0.8604 -0.0000 -0.5096
vn -0.9048 -0.0000 -0.4259
vn -0.9047 -0.0000 -0.4259
vn -0.9429 -0.0000 -0.3332
vn -0.9707 -0.0000 -0.2404
vn -0.9707 -0.0000 -0.2403
vn -0.9706 -0.0000 -0.2405
vn -0.9707 -0.0000 -0.2402
vn -0.9895 -0.0000 -0.1445
vn -0.9895 -0.0000 -0.1446
vn -0.9989 -0.0000 -0.0467
vn 0.0284 -0.0000 -0.9996
vn 0.0287 -0.0000 -0.9996
vn 0.0281 -0.0000 -0.9996
vn 0.0989 -0.0000 -0.9951
vn 0.1957 -0.0000 -0.9807
vn 0.2900 -0.0000 -0.9570
vn 0.2901 -0.0000 -0.9570
vn 0.3810 -0.0000 -0.9246
vn 0.3809 -0.0000 -0.9246
vn 0.3812 -0.0000 -0.9245
vn 0.4629 -0.0000 -0.8864
vn 0.4627 -0.0000 -0.8865
vn 0.4631 -0.0000 -0.8863
vn 0.5449 -0.0000 -0.8385
vn 0.5450 -0.0000 -0.8385
vn 0.6242 -0.0000 -0.7812
vn 0.6243 -0.0000 -0.7812
vn 0.6244 -0.0000 -0.7811
vn 0.6956 -0.0000 -0.7184
vn 0.6957 -0.0000 -0.7183
vn 0.7644 -0.0000 -0.6447
vn 0.7644 -0.0000 -0.6448
vn 0.7643 -0.0000 -0.6449
vn 0.7643 -0.0000 -0.6448
vn 0.8253 -0.0000 -0.5647
vn 0.8254 -0.0000 -0.5646
vn 0.8252 -0.0000 -0.5648
vn 0.8754 -0.0000 -0.4834
vn 0.8754 -0.0000 -0.4833
vn 0.9149 -0.0000 -0.4038
vn 0.9148 -0.0000 -0.4039
vn 0.9149 -0.0000 -0.4037
vn 0.9514 -0.0000 -0.3080
vn 0.9514 -0.0000 -0.3079
vn 0.9766 -0.0000 -0.2150
vn 0.9911 -0.0000 -0.1331
vn 0.9991 -0.0000 -0.0423
vn -1.0000 -0.0000 -0.0064
vn -1.0000 -0.0000 -0.0067
vn -0.9982 -0.0000 -0.0593
vn -0.9880 -0.0000 -0.1547
vn -0.9880 -0.0000 -0.1542
vn -0.9880 -0.0000 -0.1546
vn -0.9771 -0.0000 -0.2128
vn -0.9771 -0.0000 -0.2129
vn -0.9771 -0.0000 -0.2127
vn -0.9354 -0.0000 -0.3535
vn -0.9353 -0.0000 -0.3537
vn -0.9354 -0.0000 -0.3536
vn -0.8984 -0.0000 -0.4391
vn -0.8484 -0.0000 -0.5294
vn -0.8483 -0.0000 -0.5295
vn -0.7887 -0.0000 -0.6148
vn -0.7886 -0.0000 -0.6149
vn -0.7887 -0.0000 -0.6147
vn -0.7295 -0.0000 -0.6840
vn -0.6599 -0.0000 -0.7513
vn -0.6603 -0.0000 -0.7510
vn -0.6597 -0.0000 -0.7515
vn -0.5821 -0.0000 -0.8131
vn -0.5822 -0.0000 -0.8130
vn -0.5820 -0.0000 -0.8132
vn -0.5069 -0.0000 -0.8620
vn -0.5067 -0.0000 -0.8621
vn -0.5070 -0.0000 -0.8620
vn -0.4251 -0.0000 -0.9052
vn -0.4250 -0.0000 -0.9052
vn -0.3334 -0.0000 -0.9428
vn -0.3332 -0.0000 -0.9429
vn -0.2386 -0.0000 -0.9711
vn -0.2385 -0.0000 -0.9711
vn -0.2387 -0.0000 -0.9711
vn -0.1408 -0.0000 -0.9900
vn -0.1406 -0.0000 -0.9901
vn -0.1407 -0.0000 -0.9901
vn -0.1409 -0.0000 -0.9900
vn -0.0406 -0.0000 -0.9992
vn -0.0352 -0.0000 0.9994
vn -0.1021 -0.0000 0.9948
vn -0.1023 -0.0000 0.9948
vn -0.1022 -0.0000 0.9948
vn -0.1986 -0.0000 0.9801
vn -0.2941 -0.0000 0.9558
vn -0.2944 -0.0000 0.9557
vn -0.2939 -0.0000 0.9558
vn -0.3825 -0.0000 0.9240
vn -0.3824 -0.0000 0.9240
vn -0.3827 -0.0000 0.9239
vn -0.4674 -0.0000 0.8840
vn -0.4671 -0.0000 0.8842
vn -0.4670 -0.0000 0.8843
vn -0.5519 -0.0000 0.8339
vn -0.5520 -0.0000 0.8339
vn -0.6338 -0.0000 0.7735
vn -0.6339 -0.0000 0.7734
vn -0.6337 -0.0000 0.7736
vn -0.7059 -0.0000 0.7083
vn -0.7716 -0.0000 0.6361
vn -0.8281 -0.0000 0.5605
vn -0.8282 -0.0000 0.5604
vn -0.8774 -0.0000 0.4797
vn -0.8775 -0.0000 0.4796
vn -0.9188 -0.0000 0.3948
vn -0.9532 -0.0000 0.3024
vn -0.9532 -0.0000 0.3023
vn -0.9533 -0.0000 0.3020
vn -0.9772 -0.0000 0.2122
vn -0.9920 -0.0000 0.1258
vn -0.9920 -0.0000 0.1260
vn -0.9920 -0.0000 0.1259
vn -0.9991 -0.0000 0.0417
vn -0.9991 -0.0000 0.0416
vn 0.9995 -0.0000 0.0331
vn 0.9995 -0.0000 0.0330
vn 0.9930 -0.0000 0.1181
vn 0.9930 -0.0000 0.1182
vn 0.9765 -0.0000 0.2156
vn 0.9519 -0.0000 0.3065
vn 0.9520 -0.0000 0.3061
vn 0.9520 -0.0000 0.3062
vn 0.9183 -0.0000 0.3959
vn 0.8789 -0.0000 0.4769
vn 0.8789 -0.0000 0.4770
vn 0.8304 -0.0000 0.5572
vn 0.8303 -0.0000 0.5573
vn 0.7707 -0.0000 0.6372
vn 0.7706 -0.0000 0.6373
vn 0.7038 -0.0000 0.7104
vn 0.7040 -0.0000 0.7102
vn 0.7039 -0.0000 0.7103
vn 0.6291 -0.0000 0.7774
vn 0.5562 -0.0000 0.8310
vn 0.5563 -0.0000 0.8310
vn 0.5562 -0.0000 0.8311
vn 0.4803 -0.0000 0.8771
vn 0.4805 -0.0000 0.8770
vn 0.4802 -0.0000 0.8772
vn 0.3913 -0.0000 0.9202
vn 0.2975 -0.0000 0.9547
vn 0.2060 -0.0000 0.9786
vn 0.2062 -0.0000 0.9785
vn 0.2057 -0.0000 0.9786
vn 0.1140 -0.0000 0.9935
vn 0.1141 -0.0000 0.9935
vn 0.1139 -0.0000 0.9935
vn 0.0206 -0.0000 0.9998
vn 0.9992 -0.0000 -0.0387
vn 0.9992 -0.0000 -0.0388
vn 0.9929 -0.0000 -0.1186
vn 0.9756 -0.0000 -0.2194
vn 0.9758 -0.0000 -0.2187
vn 0.9756 -0.0000 -0.2196
vn 0.9497 -0.0000 -0.3132
vn 0.9497 -0.0000 -0.3133
vn 0.9498 -0.0000 -0.3130
vn 0.9497 -0.0000 -0.3131
vn 0.9138 -0.0000 -0.4061
vn 0.9139 -0.0000 -0.4059
vn 0.9138 -0.0000 -0.4062
vn 0.8683 -0.0000 -0.4961
vn 0.8680 -0.0000 -0.4966
vn 0.8680 -0.0000 -0.4965
vn 0.8681 -0.0000 -0.4964
vn 0.8126 -0.0000 -0.5828
vn 0.8128 -0.0000 -0.5826
vn 0.7512 -0.0000 -0.6600
vn 0.7513 -0.0000 -0.6600
vn 0.6833 -0.0000 -0.7301
vn 0.6836 -0.0000 -0.7298
vn 0.6837 -0.0000 -0.7298
vn 0.6123 -0.0000 -0.7906
vn 0.6122 -0.0000 -0.7907
vn 0.5278 -0.0000 -0.8494
vn 0.5277 -0.0000 -0.8494
vn 0.4362 -0.0000 -0.8999
vn 0.4363 -0.0000 -0.8998
vn 0.3435 -0.0000 -0.9391
vn 0.3436 -0.0000 -0.9391
vn 0.2512 -0.0000 -0.9679
vn 0.2510 -0.0000 -0.9680
vn 0.1518 -0.0000 -0.9884
vn 0.1519 -0.0000 -0.9884
vn 0.0479 -0.0000 -0.9989
vn 0.0480 -0.0000 -0.9988
vn -0.0000 1.0000 0.0003
vn 0.7069 -0.0000 0.7073
vn -0.0000 -0.8368 -0.5475
vn 0.0001 -0.8369 -0.5474
vn 0.0001 -0.8368 -0.5475
vn -0.0000 -0.8370 -0.5473
vn -0.0002 -0.8368 -0.5475
vn -0.0001 -0.8368 -0.5475
s 1
f 1//1 2//1 3//1
f 4//1 5//1 3//1
f 3//1 5//1 6//1
f 3//1 6//1 7//1
f 8//1 9//1 4//1
f 8//1 4//1 10//1
f 11//1 12//1 4//1
f 3//1 2//1 4//1
f 4//1 2//1 13//1
f 4//1 13//1 10//1
f 12//1 14//1 4//1
f 4//1 14//1 15//1
f 4//1 15//1 16//1
f 17//1 18//1 19//1
f 19//1 20//1 17//1
f 17//1 20//1 21//1
f 17//1 21//1 22//1
f 23//1 24//1 25//1
f 25//1 24//1 26//1
f 27//1 28//1 29//1
f 9//1 30//1 4//1
f 4//1 30//1 31//1
f 4//1 31//1 11//1
f 16//1 32//1 4//1
f 4//1 32//1 33//1
f 4//1 33//1 34//1
f 35//1 36//1 37//1
f 22//1 38//1 17//1
f 17//1 38//1 39//1
f 17//1 39//1 25//1
f 25//1 39//1 40//1
f 25//1 40//1 23//1
f 26//1 41//1 25//1
f 25//1 41//1 42//1
f 25//1 42//1 43//1
f 28//1 44//1 29//1
f 29//1 44//1 45//1
f 29//1 45//1 3//1
f 3//1 45//1 46//1
f 3//1 46//1 1//1
f 35//1 37//1 47//1
f 36//1 48//1 37//1
f 37//1 48//1 49//1
f 37//1 49//1 17//1
f 17//1 49//1 50//1
f 17//1 50//1 18//1
f 43//1 51//1 25//1
f 25//1 51//1 52//1
f 25//1 52//1 53//1
f 53//1 54//1 25//1
f 25//1 54//1 55//1
f 25//1 55//1 56//1
f 34//1 57//1 4//1
f 4//1 57//1 58//1
f 4//1 58//1 37//1
f 37//1 58//1 59//1
f 37//1 59//1 47//1
f 29//1 60//1 61//1
f 61//1 62//1 29//1
f 29//1 62//1 63//1
f 29//1 63//1 64//1
f 64//1 65//1 29//1
f 29//1 65//1 66//1
f 29//1 66//1 27//1
f 56//1 67//1 25//1
f 25//1 67//1 68//1
f 25//1 68//1 29//1
f 29//1 68//1 69//1
f 29//1 69//1 60//1
f 17//2 70//2 37//2
f 37//2 70//2 71//2
f 72//3 73//3 74//3
f 75//3 76//3 77//3
f 77//3 76//3 78//3
f 77//3 79//3 80//3
f 78//3 81//3 77//3
f 77//3 81//3 82//3
f 77//3 82//3 74//3
f 74//3 82//3 83//3
f 74//3 83//3 72//3
f 77//3 71//3 70//3
f 80//3 84//3 77//3
f 77//3 84//3 85//3
f 77//3 85//3 86//3
f 86//3 87//3 77//3
f 77//3 87//3 88//3
f 77//3 88//3 89//3
f 79//3 77//3 90//3
f 90//3 77//3 70//3
f 90//3 70//3 91//3
f 89//3 92//3 77//3
f 77//3 92//3 93//3
f 77//3 93//3 75//3
f 74//3 94//3 95//3
f 73//3 96//3 74//3
f 74//3 96//3 97//3
f 74//3 97//3 98//3
f 98//3 99//3 74//3
f 74//3 99//3 100//3
f 74//3 100//3 101//3
f 101//3 102//3 74//3
f 74//3 102//3 103//3
f 74//3 103//3 94//3
f 104//3 105//3 106//3
f 106//3 105//3 74//3
f 106//3 74//3 107//3
f 107//3 74//3 95//3
f 108//4 109//4 110//4
f 111//5 112//5 113//5
f 113//5 112//5 114//5
f 113//6 114//7 115//8
f 115//8 114//7 116//6
f 115//9 116//9 117//9
f 117//9 116//9 118//9
f 117//10 118//10 119//10
f 119//10 118//10 120//11
f 119//12 120//13 121//12
f 121//12 120//13 122//14
f 121//15 122//16 123//16
f 123//16 122//16 124//15
f 123//17 124//18 125//18
f 125//18 124//18 126//17
f 125//19 126//20 127//19
f 127//19 126//20 128//21
f 127//22 128//23 129//22
f 129//22 128//23 130//22
f 129//24 130//25 131//26
f 131//26 130//25 132//24
f 131//27 132//27 133//27
f 134//28 135//29 136//30
f 137//31 138//32 139//31
f 139//31 138//32 140//31
f 139//33 140//33 141//34
f 141//34 140//33 142//34
f 141//35 142//35 143//35
f 143//35 142//35 144//35
f 143//36 144//36 145//36
f 145//36 144//36 146//36
f 145//37 146//37 147//37
f 147//37 146//37 148//37
f 147//38 148//39 149//38
f 149//38 148//39 150//40
f 149//41 150//42 151//42
f 151//42 150//42 152//42
f 151//43 152//43 153//43
f 153//43 152//43 154//43
f 153//44 154//45 155//44
f 155//44 154//45 156//45
f 155//46 156//46 157//46
f 157//46 156//46 158//46
f 157//47 158//47 159//47
f 159//47 158//47 160//47
f 159//48 160//48 161//48
f 161//48 160//48 162//48
f 161//49 162//49 163//49
f 163//49 162//49 164//49
f 163//50 164//51 165//51
f 165//51 164//51 166//50
f 165//52 166//53 135//52
f 135//52 166//53 167//52
f 135//54 167//54 136//54
f 136//54 167//54 168//54
f 169//55 138//55 170//55
f 170//55 138//55 137//55
f 170//56 137//57 171//58
f 171//58 137//57 172//59
f 171//60 172//60 173//60
f 173//60 172//60 174//60
f 173//61 174//61 175//61
f 175//61 174//61 176//61
f 175//62 176//63 177//62
f 177//62 176//63 178//63
f 177//64 178//65 179//64
f 179//64 178//65 180//64
f 179//66 180//67 181//67
f 181//67 180//67 182//66
f 181//68 182//69 183//69
f 183//69 182//69 184//70
f 183//71 184//71 185//71
f 185//71 184//71 186//71
f 185//72 186//73 187//73
f 187//73 186//73 188//73
f 187//74 188//74 189//74
f 189//74 188//74 190//74
f 189//75 190//76 191//76
f 191//76 190//76 192//76
f 191//77 192//78 193//78
f 193//78 192//78 194//79
f 193//80 194//81 195//81
f 195//81 194//81 196//80
f 195//82 196//83 197//82
f 197//82 196//83 198//83
f 197//84 198//85 199//86
f 199//86 198//85 200//85
f 199//87 200//88 201//89
f 201//89 200//88 202//88
f 201//90 202//90 203//90
f 203//90 202//90 204//90
f 203//91 204//91 205//91
f 205//91 204//91 206//91
f 205//92 206//92 207//92
f 207//92 206//92 208//92
f 207//93 208//94 209//94
f 209//94 208//94 210//93
f 209//95 210//96 211//97
f 211//97 210//96 212//98
f 211//99 212//99 213//99
f 213//99 212//99 214//99
f 213//100 214//100 215//100
f 215//100 214//100 216//100
f 215//101 216//102 217//103
f 217//103 216//102 218//103
f 217//104 218//105 219//106
f 219//106 218//105 220//104
f 219//107 220//107 221//107
f 221//107 220//107 222//107
f 221//108 222//108 223//108
f 223//108 222//108 224//108
f 223//109 224//109 225//109
f 225//109 224//109 226//109
f 225//110 226//111 227//111
f 227//111 226//111 228//111
f 227//112 228//113 229//113
f 229//113 228//113 230//113
f 229//114 230//115 231//115
f 231//115 230//115 232//114
f 231//8 232//116 233//6
f 233//6 232//116 234//6
f 233//9 234//9 235//9
f 235//9 234//9 236//9
f 235//11 236//10 237//10
f 237//10 236//10 238//10
f 237//14 238//14 239//14
f 239//14 238//14 240//14
f 239//117 240//117 241//16
f 241//16 240//117 242//16
f 241//17 242//18 243//17
f 243//17 242//18 244//17
f 243//21 244//19 245//118
f 245//118 244//19 246//19
f 245//22 246//22 247//22
f 247//22 246//22 248//22
f 247//24 248//25 249//26
f 249//26 248//25 250//25
f 249//119 250//119 251//119
f 251//120 250//120 252//120
f 251//121 252//121 253//121
f 136//30 108//122 134//28
f 134//4 108//4 110//4
f 134//123 110//123 254//124
f 254//124 110//123 255//123
f 254//125 255//125 252//125
f 252//125 255//125 133//125
f 252//121 133//121 253//121
f 253//126 133//126 132//126
f 256//2 257//2 258//2
f 256//2 259//2 257//2
f 257//2 259//2 260//2
f 257//2 260//2 261//2
f 261//2 260//2 262//2
f 262//2 263//2 261//2
f 261//2 263//2 264//2
f 261//2 264//2 265//2
f 265//2 264//2 266//2
f 265//2 266//2 258//2
f 258//2 266//2 267//2
f 258//2 267//2 256//2
f 268//2 269//2 270//2
f 268//2 271//2 269//2
f 269//2 271//2 272//2
f 269//2 272//2 273//2
f 273//2 272//2 274//2
f 274//2 275//2 273//2
f 273//2 275//2 276//2
f 273//2 276//2 277//2
f 277//2 276//2 278//2
f 277//2 278//2 270//2
f 270//2 278//2 279//2
f 270//2 279//2 268//2
f 280//127 281//127 282//127
f 283//127 284//127 282//127
f 282//127 284//127 285//127
f 282//127 285//127 280//127
f 280//127 285//127 286//127
f 280//127 286//127 287//127
f 288//3 289//3 290//3
f 288//3 291//3 292//3
f 290//3 293//3 288//3
f 288//3 293//3 294//3
f 288//3 294//3 291//3
f 292//3 295//3 288//3
f 288//3 295//3 296//3
f 288//3 296//3 297//3
f 298//3 299//3 300//3
f 298//3 300//3 296//3
f 296//3 300//3 301//3
f 296//3 301//3 297//3
f 302//43 303//43 304//43
f 305//43 306//43 307//43
f 308//43 309//43 310//43
f 310//43 309//43 304//43
f 310//43 304//43 311//43
f 311//43 304//43 303//43
f 302//43 304//43 307//43
f 307//43 304//43 312//43
f 307//43 312//43 305//43
f 306//43 313//43 307//43
f 307//43 313//43 314//43
f 307//43 314//43 315//43
f 315//43 314//43 316//43
f 317//128 308//128 310//128
f 318//129 319//129 320//129
f 304//130 309//131 321//132
f 322//133 323//134 324//135
f 324//136 323//136 325//136
f 324//137 325//137 326//137
f 326//137 325//137 327//138
f 326//139 327//140 328//141
f 328//141 327//140 317//140
f 328//142 317//142 329//142
f 329//142 317//142 310//143
f 329//144 310//144 330//144
f 330//144 310//144 311//144
f 330//145 311//145 331//145
f 331//145 311//145 303//146
f 331//147 303//147 332//147
f 332//147 303//147 302//147
f 332//148 302//148 333//148
f 333//148 302//148 307//148
f 333//149 307//149 334//149
f 334//149 307//149 315//149
f 334//150 315//151 335//151
f 335//151 315//151 316//150
f 335//152 316//153 336//153
f 336//153 316//153 314//152
f 336//154 314//154 337//154
f 337//154 314//154 313//154
f 337//155 313//156 338//155
f 338//155 313//156 306//155
f 338//157 306//158 339//158
f 339//158 306//158 305//158
f 339//159 305//159 340//159
f 340//159 305//159 312//159
f 340//160 312//161 341//160
f 342//162 323//134 343//163
f 343//163 323//134 322//133
f 343//164 322//164 344//164
f 344//164 322//164 345//164
f 344//165 345//165 346//165
f 346//165 345//165 347//165
f 346//166 347//166 348//166
f 348//166 347//166 349//166
f 348//167 349//168 350//167
f 350//167 349//168 351//169
f 350//1 351//1 352//1
f 352//1 351//1 353//1
f 352//170 353//171 354//172
f 354//172 353//171 355//171
f 354//173 355//174 356//174
f 356//174 355//174 357//174
f 356//175 357//175 358//175
f 358//175 357//175 359//175
f 358//176 359//177 360//177
f 360//177 359//177 361//176
f 360//178 361//178 362//178
f 362//178 361//178 363//179
f 362//180 363//180 364//180
f 364//180 363//180 365//180
f 364//181 365//182 366//181
f 366//181 365//182 367//181
f 366//183 367//183 368//183
f 368//183 367//183 369//183
f 368//184 369//185 370//185
f 370//185 369//185 371//185
f 370//186 371//187 372//186
f 372//186 371//187 373//187
f 372//188 373//189 374//189
f 374//189 373//189 375//189
f 374//190 375//190 376//191
f 376//191 375//190 377//190
f 376//192 377//193 378//193
f 378//193 377//193 379//192
f 378//194 379//195 380//195
f 380//195 379//195 381//194
f 380//196 381//196 382//196
f 382//196 381//196 383//196
f 382//197 383//197 384//197
f 384//197 383//197 385//197
f 384//198 385//198 386//198
f 386//198 385//198 387//198
f 386//199 387//199 388//199
f 388//199 387//199 389//200
f 388//201 389//201 390//201
f 390//201 389//201 391//201
f 390//202 391//202 392//202
f 392//202 391//202 393//202
f 392//203 393//203 394//204
f 394//204 393//203 395//203
f 394//205 395//206 396//206
f 396//206 395//206 397//205
f 396//207 397//207 398//207
f 398//207 397//207 399//208
f 398//209 399//209 400//209
f 400//209 399//209 401//210
f 400//211 401//211 402//212
f 402//212 401//211 403//212
f 402//213 403//214 404//215
f 404//215 403//214 405//216
f 404//217 405//218 406//219
f 406//219 405//218 407//220
f 406//221 407//221 408//221
f 408//221 407//221 409//221
f 408//222 409//222 410//222
f 410//222 409//222 411//222
f 410//223 411//224 412//223
f 412//223 411//224 413//224
f 412//225 413//225 414//225
f 414//225 413//225 415//225
f 414//226 415//227 416//228
f 416//228 415//227 417//228
f 416//229 417//230 418//231
f 418//231 417//230 419//229
f 418//232 419//233 320//232
f 320//232 419//233 420//233
f 320//129 420//129 318//129
f 318//234 420//234 421//234
f 318//235 421//235 422//235
f 422//236 421//237 423//238
f 422//236 423//238 424//236
f 424//239 423//240 425//240
f 424//239 425//240 321//240
f 321//132 425//241 341//241
f 321//132 341//241 304//130
f 304//161 341//160 312//161
f 342//127 426//127 323//127
f 323//127 426//127 427//127
f 428//242 429//242 430//242
f 430//243 429//243 431//243
f 430//244 431//244 432//244
f 432//245 431//245 433//245
f 432//246 433//246 434//246
f 434//246 433//246 435//247
f 434//248 435//249 436//248
f 436//248 435//249 437//248
f 436//250 437//250 438//250
f 438//250 437//250 439//250
f 438//251 439//252 440//252
f 440//252 439//252 441//252
f 440//253 441//254 442//253
f 442//253 441//254 443//255
f 442//256 443//257 444//257
f 444//257 443//257 445//258
f 444//259 445//259 446//259
f 446//259 445//259 447//259
f 446//260 447//261 448//260
f 448//260 447//261 449//260
f 448//262 449//262 450//262
f 450//262 449//262 451//262
f 450//263 451//264 452//263
f 452//263 451//264 453//265
f 452//266 453//266 454//266
f 454//266 453//266 455//266
f 454//267 455//268 456//268
f 456//268 455//268 457//267
f 456//269 457//269 458//269
f 458//269 457//269 459//269
f 458//270 459//270 460//270
f 460//270 459//270 461//270
f 460//271 461//271 462//271
f 462//271 461//271 463//271
f 462//272 463//273 464//273
f 464//273 463//273 465//272
f 464//274 465//275 466//274
f 466//274 465//275 467//275
f 466//276 467//276 468//276
f 468//276 467//276 469//276
f 468//277 469//277 470//277
f 470//277 469//277 471//277
f 470//278 471//279 472//279
f 472//279 471//279 473//278
f 472//280 473//281 474//282
f 474//282 473//281 475//281
f 474//283 475//284 476//284
f 476//284 475//284 477//283
f 476//285 477//285 478//285
f 478//285 477//285 479//285
f 478//286 479//286 480//286
f 480//286 479//286 481//286
f 480//287 481//287 482//287
f 482//287 481//287 483//287
f 482//288 483//289 484//288
f 484//288 483//289 485//288
f 484//290 485//290 486//290
f 486//290 485//290 487//290
f 486//291 487//291 488//291
f 488//291 487//291 489//291
f 488//292 489//292 490//292
f 490//292 489//292 491//292
f 490//293 491//294 492//294
f 492//294 491//294 493//293
f 492//295 493//295 494//295
f 494//295 493//295 495//295
f 494//296 495//296 496//296
f 496//296 495//296 497//296
f 496//297 497//297 498//297
f 498//297 497//297 499//298
f 498//299 499//299 500//299
f 500//299 499//299 501//299
f 500//300 501//300 502//300
f 502//300 501//300 503//300
f 502//301 503//301 504//301
f 504//301 503//301 505//301
f 504//302 505//303 506//303
f 506//303 505//303 507//303
f 506//304 507//304 508//304
f 508//304 507//304 509//304
f 508//305 509//305 510//305
f 510//305 509//305 511//305
f 510//306 511//306 512//306
f 512//306 511//306 513//306
f 512//307 513//307 514//308
f 514//308 513//307 515//307
f 514//309 515//309 516//309
f 516//309 515//309 517//309
f 516//310 517//310 518//310
f 518//310 517//310 519//311
f 518//312 519//312 520//312
f 520//312 519//312 521//312
f 520//313 521//314 522//314
f 522//314 521//314 523//314
f 522//315 523//315 524//315
f 524//315 523//315 525//315
f 524//316 525//317 526//317
f 526//317 525//317 527//316
f 526//318 527//318 528//318
f 528//318 527//318 529//319
f 528//320 529//321 530//320
f 530//320 529//321 531//321
f 530//322 531//323 532//322
f 532//322 531//323 533//322
f 532//324 533//324 534//325
f 534//325 533//324 535//324
f 534//326 535//326 536//326
f 536//326 535//326 537//326
f 536//327 537//327 538//327
f 538//327 537//327 539//327
f 538//328 539//329 540//330
f 540//330 539//329 541//331
f 540//332 541//333 542//332
f 542//332 541//333 543//333
f 542//334 543//335 544//335
f 544//335 543//335 545//335
f 544//336 545//337 546//336
f 546//336 545//337 428//336
f 546//242 428//242 430//242
f 547//127 319//127 548//127
f 548//127 319//127 318//127
f 382//338 384//338 549//338
f 426//338 342//338 343//338
f 343//338 344//338 426//338
f 426//338 344//338 346//338
f 426//338 346//338 348//338
f 382//338 549//338 380//338
f 380//338 549//338 550//338
f 380//338 550//338 378//338
f 384//338 386//338 549//338
f 549//338 386//338 388//338
f 549//338 388//338 390//338
f 360//338 550//338 358//338
f 358//338 550//338 356//338
f 360//338 362//338 550//338
f 550//338 362//338 364//338
f 550//338 364//338 366//338
f 366//338 368//338 550//338
f 550//338 368//338 370//338
f 550//338 370//338 372//338
f 372//338 374//338 550//338
f 550//338 374//338 376//338
f 550//338 376//338 378//338
f 390//338 392//338 549//338
f 549//338 392//338 394//338
f 549//338 394//338 396//338
f 348//338 350//338 426//338
f 426//338 350//338 352//338
f 426//338 352//338 550//338
f 550//338 352//338 354//338
f 550//338 354//338 356//338
f 396//338 398//338 549//338
f 549//338 398//338 400//338
f 549//338 400//338 402//338
f 410//338 412//338 547//338
f 547//338 412//338 414//338
f 547//338 414//338 416//338
f 402//338 404//338 549//338
f 549//338 404//338 406//338
f 549//338 406//338 547//338
f 547//338 406//338 408//338
f 547//338 408//338 410//338
f 416//338 418//338 547//338
f 547//338 418//338 320//338
f 547//338 320//338 319//338
f 289//339 551//339 290//339
f 290//339 551//339 552//340
f 290//341 552//341 293//341
f 293//341 552//341 553//341
f 293//342 553//343 294//343
f 294//343 553//343 554//343
f 294//344 554//344 291//344
f 291//344 554//344 555//344
f 291//345 555//345 292//345
f 292//346 555//346 556//346
f 557//347 295//348 558//349
f 558//350 295//350 559//350
f 558//351 559//351 560//351
f 560//351 559//351 561//351
f 560//352 561//353 556//354
f 556//354 561//353 562//352
f 556//355 562//355 292//355
f 563//356 288//357 564//356
f 564//356 288//357 297//356
f 564//358 297//358 565//358
f 565//358 297//358 301//358
f 565//359 301//360 566//359
f 566//359 301//360 300//359
f 566//361 300//362 567//363
f 567//363 300//362 299//363
f 567//364 299//365 568//366
f 568//366 299//365 298//365
f 568//367 298//367 557//367
f 557//367 298//367 296//367
f 557//347 296//368 295//348
f 340//43 341//43 569//43
f 359//43 357//43 570//43
f 326//43 328//43 571//43
f 571//43 328//43 329//43
f 571//43 329//43 330//43
f 330//43 331//43 571//43
f 571//43 331//43 332//43
f 571//43 332//43 333//43
f 572//43 389//43 387//43
f 570//43 379//43 377//43
f 337//43 338//43 569//43
f 569//43 338//43 339//43
f 569//43 339//43 340//43
f 409//43 407//43 572//43
f 387//43 385//43 572//43
f 572//43 385//43 383//43
f 572//43 383//43 570//43
f 570//43 383//43 381//43
f 570//43 381//43 379//43
f 377//43 375//43 570//43
f 570//43 375//43 373//43
f 570//43 373//43 371//43
f 371//43 369//43 570//43
f 570//43 369//43 367//43
f 570//43 367//43 365//43
f 365//43 363//43 570//43
f 570//43 363//43 361//43
f 570//43 361//43 359//43
f 345//43 571//43 347//43
f 347//43 571//43 349//43
f 345//43 322//43 571//43
f 571//43 322//43 324//43
f 571//43 324//43 326//43
f 333//43 334//43 571//43
f 571//43 334//43 335//43
f 571//43 335//43 569//43
f 569//43 335//43 336//43
f 569//43 336//43 337//43
f 357//43 355//43 570//43
f 570//43 355//43 353//43
f 570//43 353//43 571//43
f 571//43 353//43 351//43
f 571//43 351//43 349//43
f 407//43 405//43 572//43
f 572//43 405//43 403//43
f 572//43 403//43 401//43
f 395//43 393//43 572//43
f 572//43 393//43 391//43
f 572//43 391//43 389//43
f 401//43 399//43 572//43
f 572//43 399//43 397//43
f 572//43 397//43 395//43
f 341//43 425//43 569//43
f 569//43 425//43 423//43
f 569//43 423//43 421//43
f 421//43 420//43 569//43
f 569//43 420//43 419//43
f 569//43 419//43 417//43
f 417//43 415//43 569//43
f 569//43 415//43 413//43
f 569//43 413//43 572//43
f 572//43 413//43 411//43
f 572//43 411//43 409//43
f 573//292 574//292 575//292
f 575//292 574//292 576//292
f 575//369 576//291 577//291
f 577//291 576//291 578//291
f 577//290 578//290 579//290
f 579//290 578//290 580//290
f 579//288 580//289 581//289
f 581//289 580//289 582//288
f 581//287 582//287 583//287
f 583//287 582//287 584//287
f 583//286 584//370 585//286
f 585//286 584//370 586//371
f 585//285 586//285 587//285
f 587//285 586//285 588//285
f 587//283 588//283 589//283
f 589//283 588//283 590//283
f 589//281 590//372 591//281
f 591//281 590//372 592//282
f 591//279 592//279 593//278
f 593//278 592//279 594//279
f 593//277 594//277 595//277
f 595//277 594//277 596//277
f 595//276 596//276 597//276
f 597//276 596//276 598//276
f 597//275 598//373 599//275
f 599//275 598//373 600//373
f 599//272 600//273 601//272
f 601//272 600//273 602//272
f 601//271 602//271 603//271
f 603//271 602//271 604//271
f 603//270 604//270 605//270
f 605//270 604//270 606//270
f 605//269 606//269 607//269
f 607//269 606//269 608//269
f 607//267 608//267 609//267
f 609//267 608//267 610//267
f 609//266 610//266 611//266
f 611//266 610//266 612//266
f 611//264 612//263 613//264
f 613//264 612//263 614//263
f 613//262 614//262 615//262
f 615//262 614//262 616//374
f 615//260 616//260 617//260
f 617//260 616//260 618//260
f 617//259 618//259 619//259
f 619//259 618//259 620//259
f 619//258 620//375 621//257
f 621//257 620//375 622//375
f 621//253 622//253 623//255
f 623//255 622//253 624//254
f 623//252 624//252 625//252
f 625//252 624//252 626//251
f 625//250 626//250 627//250
f 627//250 626//250 628//376
f 627//248 628//249 629//248
f 629//248 628//249 630//249
f 629//247 630//246 631//246
f 631//246 630//246 632//246
f 631//338 632//338 633//338
f 633//338 632//338 634//338
f 633//377 634//242 635//242
f 635//242 634//242 636//242
f 635//337 636//337 637//337
f 637//337 636//337 638//336
f 637//334 638//378 639//335
f 639//335 638//378 640//378
f 639//379 640//333 641//333
f 641//333 640//333 642//379
f 641//329 642//328 643//329
f 643//329 642//328 644//328
f 643//327 644//380 645//327
f 645//327 644//380 646//327
f 645//326 646//326 647//326
f 647//326 646//326 648//326
f 647//325 648//325 649//325
f 649//325 648//325 650//325
f 649//381 650//382 651//381
f 651//381 650//382 652//382
f 651//321 652//320 653//321
f 653//321 652//320 654//320
f 653//319 654//318 655//319
f 655//319 654//318 656//318
f 655//316 656//317 657//317
f 657//317 656//317 658//316
f 657//315 658//315 659//315
f 659//315 658//315 660//315
f 659//314 660//314 661//314
f 661//314 660//314 662//313
f 661//312 662//312 663//312
f 663//312 662//312 664//312
f 663//311 664//311 665//311
f 665//311 664//311 666//311
f 665//383 666//309 667//309
f 667//309 666//309 668//384
f 667//307 668//307 669//385
f 669//385 668//307 670//385
f 669//306 670//306 671//306
f 671//306 670//306 672//386
f 671//305 672//305 673//305
f 673//305 672//305 674//305
f 673//304 674//304 675//304
f 675//304 674//304 676//304
f 675//303 676//303 677//302
f 677//302 676//303 678//302
f 677//301 678//301 679//301
f 679//301 678//301 680//301
f 679//300 680//300 681//300
f 681//300 680//300 682//300
f 681//299 682//299 683//299
f 683//299 682//299 684//299
f 683//298 684//298 685//297
f 685//297 684//298 686//297
f 685//296 686//296 687//296
f 687//296 686//296 688//296
f 687//295 688//295 689//295
f 689//295 688//295 690//387
f 689//294 690//294 573//294
f 573//294 690//294 574//293
f 691//388 692//388 693//388
f 693//388 692//388 694//388
f 693//389 694//389 695//389
f 695//389 694//389 696//389
f 695//390 696//391 697//392
f 697//392 696//391 698//391
f 697//288 698//288 699//288
f 699//288 698//288 700//288
f 699//393 700//393 701//287
f 701//287 700//393 702//393
f 701//370 702//286 703//286
f 703//286 702//286 704//286
f 703//394 704//395 705//394
f 705//394 704//395 706//396
f 705//397 706//397 707//397
f 707//397 706//397 708//397
f 707//282 708//398 709//398
f 709//398 708//398 710//398
f 709//399 710//399 711//399
f 711//399 710//399 712//399
f 711//277 712//277 713//277
f 713//277 712//277 714//400
f 713//276 714//401 715//401
f 715//401 714//401 716//401
f 715//274 716//274 717//274
f 717//274 716//274 718//402
f 717//403 718//272 719//272
f 719//272 718//272 720//272
f 719//404 720//404 721//404
f 721//404 720//404 722//404
f 721//405 722//406 723//405
f 723//405 722//406 724//406
f 723//407 724//408 725//408
f 725//408 724//408 726//409
f 725//410 726//411 727//410
f 727//410 726//411 728//411
f 727//412 728//412 729//412
f 729//412 728//412 730//412
f 729//263 730//264 731//263
f 731//263 730//264 732//265
f 731//413 732//262 733//262
f 733//262 732//262 734//262
f 733//414 734//415 735//414
f 735//414 734//415 736//414
f 735//416 736//259 737//417
f 737//417 736//259 738//418
f 737//257 738//257 739//257
f 739//257 738//257 740//257
f 739//419 740//420 741//420
f 741//420 740//420 742//420
f 741//421 742//421 743//422
f 743//422 742//421 744//422
f 743//423 744//423 745//423
f 745//423 744//423 746//423
f 745//249 746//249 747//249
f 747//249 746//249 748//248
f 747//246 748//424 749//424
f 749//424 748//424 750//425
f 749//338 750//338 751//338
f 751//338 750//338 752//338
f 751//426 752//426 753//427
f 753//427 752//426 754//426
f 753//336 754//336 755//336
f 755//336 754//336 756//337
f 755//335 756//335 757//335
f 757//335 756//335 758//335
f 757//333 758//333 759//332
f 759//332 758//333 760//428
f 759//429 760//329 761//429
f 761//429 760//329 762//430
f 761//431 762//380 763//431
f 763//431 762//380 764//380
f 763//326 764//326 765//326
f 765//326 764//326 766//326
f 765//432 766//432 767//432
f 767//432 766//432 768//432
f 767//433 768//433 769//433
f 769//433 768//433 770//433
f 769//434 770//434 771//434
f 771//434 770//434 772//434
f 771//435 772//435 773//435
f 773//435 772//435 774//435
f 773//436 774//436 775//436
f 775//436 774//436 776//436
f 775//437 776//437 777//437
f 777//437 776//437 778//437
f 777//438 778//439 779//440
f 779//440 778//439 780//441
f 779//312 780//312 781//312
f 781//312 780//312 782//312
f 781//442 782//442 783//442
f 783//442 782//442 784//442
f 783//443 784//383 785//383
f 785//383 784//383 786//443
f 785//308 786//308 787//308
f 787//308 786//308 788//308
f 787//306 788//306 789//306
f 789//306 788//306 790//306
f 789//444 790//305 791//444
f 791//444 790//305 792//444
f 791//445 792//304 793//446
f 793//446 792//304 794//446
f 793//447 794//447 795//447
f 795//447 794//447 796//448
f 795//449 796//301 797//301
f 797//301 796//301 798//301
f 797//450 798//450 799//450
f 799//450 798//450 800//300
f 799//451 800//452 801//451
f 801//451 800//452 802//451
f 801//298 802//298 803//298
f 803//298 802//298 804//298
f 803//453 804//453 805//453
f 805//453 804//453 806//453
f 805//454 806//454 807//454
f 807//454 806//454 808//454
f 807//455 808//294 691//294
f 691//294 808//294 692//294
f 809//338 810//338 811//338
f 811//338 810//338 812//338
f 813//127 814//127 815//127
f 563//127 816//127 288//127
f 288//127 816//127 817//127
f 288//127 817//127 289//127
f 289//127 817//127 571//127
f 289//127 571//127 569//127
f 815//127 551//127 813//127
f 813//127 551//127 289//127
f 813//127 289//127 818//127
f 818//127 289//127 569//127
f 818//127 569//127 819//127
f 819//127 569//127 820//127
f 317//456 327//457 427//458
f 427//458 327//457 325//459
f 427//458 325//459 323//460
f 548//461 318//457 422//462
f 427//458 295//463 317//456
f 317//456 295//463 292//459
f 317//456 292//459 308//464
f 308//464 292//459 821//465
f 308//464 821//465 309//459
f 309//459 821//465 822//459
f 309//459 822//459 321//466
f 321//466 822//459 548//461
f 321//466 548//461 424//467
f 424//467 548//461 422//462
f 108//127 823//127 824//127
f 825//127 826//127 824//127
f 824//127 826//127 109//127
f 824//127 109//127 108//127
f 827//127 828//127 829//127
f 829//127 828//127 830//127
f 829//3 830//3 831//3
f 831//3 830//3 814//3
f 831//3 814//3 813//3
f 832//1 833//1 834//1
f 834//1 833//1 835//1
f 833//2 836//2 835//2
f 835//2 836//2 837//2
f 836//3 838//3 837//3
f 837//3 838//3 839//3
f 838//127 832//127 839//127
f 839//127 832//127 834//127
f 840//338 841//338 842//338
f 842//338 841//338 843//338
f 840//468 844//468 841//468
f 841//468 844//468 845//468
f 846//3 847//3 493//3
f 487//3 815//3 489//3
f 489//3 815//3 846//3
f 489//3 846//3 491//3
f 491//3 846//3 493//3
f 816//3 441//3 439//3
f 487//3 485//3 815//3
f 815//3 485//3 483//3
f 815//3 483//3 481//3
f 815//3 475//3 473//3
f 563//3 564//3 816//3
f 816//3 564//3 565//3
f 439//3 437//3 816//3
f 816//3 437//3 435//3
f 816//3 435//3 282//3
f 473//3 471//3 815//3
f 815//3 471//3 469//3
f 815//3 469//3 551//3
f 282//3 435//3 283//3
f 283//3 435//3 433//3
f 283//3 433//3 431//3
f 431//3 429//3 283//3
f 283//3 429//3 428//3
f 283//3 428//3 545//3
f 499//3 497//3 847//3
f 847//3 497//3 495//3
f 847//3 495//3 493//3
f 556//3 453//3 560//3
f 560//3 453//3 451//3
f 560//3 451//3 558//3
f 558//3 451//3 449//3
f 558//3 449//3 557//3
f 557//3 449//3 447//3
f 445//3 567//3 447//3
f 447//3 567//3 568//3
f 447//3 568//3 557//3
f 441//3 816//3 443//3
f 443//3 816//3 565//3
f 443//3 565//3 445//3
f 445//3 565//3 566//3
f 445//3 566//3 567//3
f 481//3 479//3 815//3
f 815//3 479//3 477//3
f 815//3 477//3 475//3
f 469//3 467//3 551//3
f 551//3 467//3 465//3
f 551//3 465//3 552//3
f 552//3 465//3 463//3
f 552//3 463//3 553//3
f 553//3 463//3 461//3
f 553//3 461//3 554//3
f 554//3 461//3 459//3
f 554//3 459//3 555//3
f 555//3 459//3 457//3
f 555//3 457//3 556//3
f 556//3 457//3 455//3
f 556//3 455//3 453//3
f 545//3 543//3 283//3
f 283//3 543//3 541//3
f 283//3 541//3 539//3
f 539//3 537//3 283//3
f 283//3 537//3 535//3
f 283//3 535//3 848//3
f 848//3 535//3 533//3
f 848//3 533//3 849//3
f 849//3 533//3 531//3
f 849//3 531//3 850//3
f 850//3 531//3 529//3
f 850//3 529//3 851//3
f 851//3 529//3 527//3
f 851//3 527//3 852//3
f 852//3 527//3 525//3
f 852//3 525//3 853//3
f 853//3 525//3 523//3
f 853//3 523//3 854//3
f 854//3 523//3 521//3
f 854//3 521//3 855//3
f 855//3 521//3 519//3
f 855//3 519//3 856//3
f 856//3 519//3 517//3
f 856//3 517//3 857//3
f 857//3 517//3 515//3
f 857//3 515//3 858//3
f 858//3 515//3 513//3
f 858//3 513//3 859//3
f 859//3 513//3 511//3
f 859//3 511//3 860//3
f 860//3 511//3 509//3
f 860//3 509//3 847//3
f 847//3 509//3 507//3
f 847//3 507//3 505//3
f 505//3 503//3 847//3
f 847//3 503//3 501//3
f 847//3 501//3 499//3
f 570//1 571//1 861//1
f 861//1 571//1 817//1
f 561//1 559//1 426//1
f 426//1 559//1 295//1
f 426//1 295//1 427//1
f 456//1 458//1 292//1
f 492//1 494//1 278//1
f 550//1 532//1 534//469
f 530//1 279//1 528//1
f 528//1 279//1 526//1
f 468//1 470//1 821//1
f 821//1 488//1 278//1
f 278//1 488//1 490//1
f 278//1 490//1 492//1
f 518//1 520//1 278//1
f 278//1 520//1 522//1
f 278//1 522//1 279//1
f 279//1 522//1 524//1
f 279//1 524//1 526//1
f 862//1 863//1 550//1
f 550//1 863//1 279//1
f 550//1 279//1 532//1
f 532//1 279//1 530//1
f 468//1 821//1 466//1
f 482//1 484//1 821//1
f 821//1 484//1 486//1
f 821//1 486//1 488//1
f 494//1 496//1 278//1
f 278//1 496//1 498//1
f 278//1 498//1 500//1
f 506//1 508//1 278//1
f 278//1 508//1 510//1
f 278//1 510//1 512//1
f 534//469 536//1 550//1
f 550//1 536//1 538//1
f 550//1 538//1 540//1
f 550//1 546//1 430//1
f 458//1 460//1 292//1
f 292//1 460//1 462//1
f 292//1 462//1 821//1
f 821//1 462//1 464//1
f 821//1 464//1 466//1
f 470//1 472//1 821//1
f 821//1 472//1 474//1
f 821//1 474//1 476//1
f 512//1 514//1 278//1
f 278//1 514//1 516//1
f 278//1 516//1 518//1
f 540//1 542//1 550//1
f 550//1 542//1 544//1
f 550//1 544//1 546//1
f 430//1 432//1 550//1
f 550//1 432//1 434//1
f 550//1 434//1 436//1
f 444//1 446//1 426//1
f 426//1 446//1 448//1
f 426//1 448//1 561//1
f 561//1 448//1 450//1
f 561//1 450//1 562//1
f 562//1 450//1 452//1
f 562//1 452//1 292//1
f 292//1 452//1 454//1
f 292//1 454//1 456//1
f 476//1 478//1 821//1
f 821//1 478//1 480//1
f 821//1 480//1 482//1
f 500//1 502//1 278//1
f 278//1 502//1 504//1
f 278//1 504//1 506//1
f 436//1 438//1 550//1
f 550//1 438//1 440//1
f 550//1 440//1 426//1
f 426//1 440//1 442//1
f 426//1 442//1 444//1
f 864//470 268//470 863//470
f 863//470 268//470 279//470
f 865//470 266//470 866//470
f 866//470 266//470 264//470
f 547//3 548//3 822//3
f 663//3 665//3 267//3
f 689//3 573//3 267//3
f 605//3 547//3 603//3
f 603//3 547//3 822//3
f 603//3 822//3 601//3
f 663//3 267//3 661//3
f 649//3 651//3 266//3
f 266//3 651//3 653//3
f 267//3 573//3 822//3
f 822//3 573//3 575//3
f 822//3 575//3 577//3
f 627//3 629//3 549//3
f 865//3 867//3 266//3
f 266//3 867//3 549//3
f 266//3 549//3 649//3
f 649//3 549//3 647//3
f 653//3 655//3 266//3
f 266//3 655//3 657//3
f 266//3 657//3 267//3
f 267//3 657//3 659//3
f 267//3 659//3 661//3
f 683//3 685//3 267//3
f 267//3 685//3 687//3
f 267//3 687//3 689//3
f 577//3 579//3 822//3
f 822//3 579//3 581//3
f 822//3 581//3 583//3
f 589//3 591//3 822//3
f 822//3 591//3 593//3
f 822//3 593//3 595//3
f 605//3 607//3 547//3
f 547//3 607//3 609//3
f 547//3 609//3 611//3
f 611//3 613//3 547//3
f 547//3 613//3 615//3
f 547//3 615//3 617//3
f 665//3 667//3 267//3
f 267//3 667//3 669//3
f 267//3 669//3 671//3
f 671//3 673//3 267//3
f 267//3 673//3 675//3
f 267//3 675//3 677//3
f 595//3 597//3 822//3
f 822//3 597//3 599//3
f 822//3 599//3 601//3
f 627//3 549//3 625//3
f 677//3 679//3 267//3
f 267//3 679//3 681//3
f 267//3 681//3 683//3
f 583//3 585//3 822//3
f 822//3 585//3 587//3
f 822//3 587//3 589//3
f 617//3 619//3 547//3
f 547//3 619//3 621//3
f 547//3 621//3 549//3
f 549//3 621//3 623//3
f 549//3 623//3 625//3
f 629//3 631//3 549//3
f 549//3 631//3 633//3
f 549//3 633//3 635//3
f 635//3 637//3 549//3
f 549//3 637//3 639//3
f 549//3 639//3 641//3
f 641//3 643//3 549//3
f 549//3 643//3 645//3
f 549//3 645//3 647//3
f 861//2 862//2 570//2
f 570//2 862//2 550//2
f 570//2 550//2 572//2
f 572//2 550//2 549//2
f 572//2 549//2 868//2
f 868//2 549//2 867//2
f 569//3 572//3 820//3
f 820//3 572//3 868//3
f 580//1 578//1 826//1
f 674//1 672//1 133//1
f 608//1 606//1 818//1
f 133//1 672//1 131//1
f 109//1 682//1 680//1
f 680//1 678//1 109//1
f 109//1 678//1 676//1
f 109//1 676//1 110//1
f 110//1 676//1 674//1
f 110//1 674//1 255//1
f 255//1 674//1 133//1
f 578//1 576//1 826//1
f 826//1 576//1 574//1
f 826//1 574//1 690//1
f 690//1 688//1 826//1
f 826//1 688//1 686//1
f 826//1 686//1 109//1
f 109//1 686//1 684//1
f 109//1 684//1 682//1
f 111//1 646//1 644//1
f 644//1 642//1 111//1
f 111//1 642//1 640//1
f 111//1 640//1 869//1
f 618//1 616//1 819//1
f 606//1 604//1 818//1
f 818//1 604//1 602//1
f 818//1 602//1 600//1
f 640//1 638//1 869//1
f 869//1 638//1 636//1
f 869//1 636//1 634//1
f 626//1 624//1 819//1
f 616//1 614//1 819//1
f 819//1 614//1 612//1
f 819//1 612//1 818//1
f 818//1 612//1 610//1
f 818//1 610//1 608//1
f 600//1 598//1 818//1
f 818//1 598//1 596//1
f 818//1 596//1 594//1
f 594//1 592//1 818//1
f 818//1 592//1 590//1
f 818//1 590//1 588//1
f 827//1 870//1 828//1
f 828//1 870//1 818//1
f 828//1 818//1 826//1
f 826//1 818//1 582//1
f 826//1 582//1 580//1
f 672//1 670//1 131//1
f 131//1 670//1 668//1
f 131//1 668//1 129//1
f 129//1 668//1 666//1
f 129//1 666//1 127//1
f 127//1 666//1 664//1
f 127//1 664//1 125//1
f 125//1 664//1 662//1
f 125//1 662//1 123//1
f 123//1 662//1 660//1
f 123//1 660//1 121//1
f 121//1 660//1 658//1
f 121//1 658//1 119//1
f 119//1 658//1 656//1
f 119//1 656//1 117//1
f 117//1 656//1 654//1
f 117//1 654//1 115//1
f 115//1 654//1 652//1
f 115//1 652//1 113//1
f 113//1 652//1 650//1
f 113//1 650//1 111//1
f 111//1 650//1 648//1
f 111//1 648//1 646//1
f 634//1 632//1 869//1
f 869//1 632//1 630//1
f 869//1 630//1 819//1
f 819//1 630//1 628//1
f 819//1 628//1 626//1
f 624//1 622//1 819//1
f 819//1 622//1 620//1
f 819//1 620//1 618//1
f 588//1 586//1 818//1
f 818//1 586//1 584//1
f 818//1 584//1 582//1
f 824//3 168//3 825//3
f 825//3 168//3 167//3
f 825//3 167//3 166//3
f 166//3 164//3 825//3
f 825//3 164//3 162//3
f 825//3 162//3 160//3
f 160//3 158//3 825//3
f 825//3 158//3 156//3
f 825//3 156//3 154//3
f 845//3 146//3 144//3
f 871//3 843//3 872//3
f 872//3 843//3 841//3
f 872//3 841//3 169//3
f 169//3 841//3 845//3
f 169//3 845//3 138//3
f 154//3 152//3 825//3
f 825//3 152//3 150//3
f 825//3 150//3 845//3
f 845//3 150//3 148//3
f 845//3 148//3 146//3
f 144//3 142//3 845//3
f 845//3 142//3 140//3
f 845//3 140//3 138//3
f 872//471 873//472 871//473
f 871//473 873//472 874//473
f 871//473 874//473 811//474
f 811//474 874//473 809//474
f 875//475 874//475 873//475
f 707//3 709//3 810//3
f 810//3 709//3 711//3
f 711//3 713//3 810//3
f 810//3 713//3 715//3
f 810//3 715//3 876//3
f 876//3 715//3 717//3
f 876//3 717//3 719//3
f 876//3 731//3 733//3
f 733//3 735//3 876//3
f 876//3 735//3 737//3
f 876//3 737//3 739//3
f 739//3 741//3 876//3
f 876//3 741//3 743//3
f 876//3 743//3 745//3
f 875//3 753//3 755//3
f 781//3 783//3 874//3
f 787//3 789//3 809//3
f 719//3 721//3 876//3
f 876//3 721//3 723//3
f 876//3 723//3 725//3
f 725//3 727//3 876//3
f 876//3 727//3 729//3
f 876//3 729//3 731//3
f 745//3 747//3 876//3
f 876//3 747//3 749//3
f 876//3 749//3 875//3
f 875//3 749//3 751//3
f 875//3 751//3 753//3
f 755//3 757//3 875//3
f 875//3 757//3 759//3
f 875//3 759//3 761//3
f 761//3 763//3 875//3
f 875//3 763//3 765//3
f 875//3 765//3 767//3
f 874//3 783//3 809//3
f 809//3 783//3 785//3
f 809//3 785//3 787//3
f 775//3 777//3 874//3
f 874//3 777//3 779//3
f 874//3 779//3 781//3
f 767//3 769//3 875//3
f 875//3 769//3 771//3
f 875//3 771//3 874//3
f 874//3 771//3 773//3
f 874//3 773//3 775//3
f 789//3 791//3 809//3
f 809//3 791//3 793//3
f 809//3 793//3 795//3
f 805//3 809//3 803//3
f 803//3 809//3 801//3
f 795//3 797//3 809//3
f 809//3 797//3 799//3
f 809//3 799//3 801//3
f 805//3 807//3 809//3
f 809//3 807//3 691//3
f 809//3 691//3 810//3
f 810//3 691//3 693//3
f 810//3 693//3 695//3
f 695//3 697//3 810//3
f 810//3 697//3 699//3
f 810//3 699//3 701//3
f 701//3 703//3 810//3
f 810//3 703//3 705//3
f 810//3 705//3 707//3
f 784//1 871//1 786//1
f 786//1 871//1 811//1
f 786//1 811//1 788//1
f 770//1 768//1 877//1
f 877//1 768//1 766//1
f 877//1 766//1 764//1
f 764//1 762//1 877//1
f 877//1 762//1 760//1
f 877//1 760//1 758//1
f 808//1 806//1 811//1
f 758//1 756//1 877//1
f 877//1 756//1 754//1
f 877//1 754//1 752//1
f 720//1 718//1 878//1
f 714//1 712//1 812//1
f 712//1 710//1 812//1
f 812//1 710//1 708//1
f 812//1 708//1 706//1
f 784//1 782//1 871//1
f 871//1 782//1 780//1
f 871//1 780//1 877//1
f 877//1 780//1 778//1
f 877//1 778//1 776//1
f 776//1 774//1 877//1
f 877//1 774//1 772//1
f 877//1 772//1 770//1
f 752//1 750//1 877//1
f 877//1 750//1 748//1
f 877//1 748//1 878//1
f 878//1 748//1 746//1
f 878//1 746//1 744//1
f 744//1 742//1 878//1
f 878//1 742//1 740//1
f 878//1 740//1 738//1
f 738//1 736//1 878//1
f 878//1 736//1 734//1
f 878//1 734//1 732//1
f 878//1 718//1 812//1
f 812//1 718//1 716//1
f 812//1 716//1 714//1
f 812//1 700//1 698//1
f 794//1 792//1 811//1
f 811//1 792//1 790//1
f 811//1 790//1 788//1
f 706//1 704//1 812//1
f 812//1 704//1 702//1
f 812//1 702//1 700//1
f 698//1 696//1 812//1
f 812//1 696//1 694//1
f 812//1 694//1 811//1
f 811//1 694//1 692//1
f 811//1 692//1 808//1
f 806//1 804//1 811//1
f 811//1 804//1 802//1
f 811//1 802//1 800//1
f 732//1 730//1 878//1
f 878//1 730//1 728//1
f 878//1 728//1 726//1
f 726//1 724//1 878//1
f 878//1 724//1 722//1
f 878//1 722//1 720//1
f 800//1 798//1 811//1
f 811//1 798//1 796//1
f 811//1 796//1 794//1
f 877//476 879//476 871//477
f 871//477 879//476 842//476
f 871//477 842//476 843//478
f 812//479 810//479 878//480
f 878//480 810//479 876//480
f 878//480 876//480 880//481
f 881//476 882//476 883//476
f 883//476 882//476 884//476
f 883//338 884//338 885//338
f 885//338 884//338 886//338
f 885//468 886//468 887//468
f 887//468 886//468 888//468
f 112//127 111//127 889//127
f 889//127 111//127 869//127
f 890//127 891//127 892//127
f 892//127 891//127 889//127
f 892//127 889//127 893//127
f 893//127 889//127 869//127
f 894//3 878//3 895//3
f 895//3 878//3 880//3
f 878//338 894//338 896//338
f 897//338 898//338 899//338
f 899//338 898//338 900//338
f 899//338 900//338 896//338
f 896//338 900//338 901//338
f 879//338 877//338 902//338
f 902//338 877//338 878//338
f 902//338 878//338 903//338
f 903//338 878//338 896//338
f 903//338 896//338 904//338
f 904//338 896//338 901//338
f 231//3 233//3 261//3
f 187//3 189//3 905//3
f 223//3 225//3 261//3
f 233//3 235//3 261//3
f 261//3 235//3 237//3
f 261//3 237//3 257//3
f 257//3 237//3 239//3
f 257//3 239//3 241//3
f 251//3 257//3 249//3
f 249//3 257//3 247//3
f 906//3 170//3 905//3
f 905//3 170//3 171//3
f 905//3 171//3 173//3
f 905//3 179//3 181//3
f 225//3 227//3 261//3
f 261//3 227//3 229//3
f 261//3 229//3 231//3
f 241//3 243//3 257//3
f 257//3 243//3 245//3
f 257//3 245//3 247//3
f 173//3 175//3 905//3
f 905//3 175//3 177//3
f 905//3 177//3 179//3
f 181//3 183//3 905//3
f 905//3 183//3 185//3
f 905//3 185//3 187//3
f 189//3 191//3 905//3
f 905//3 191//3 193//3
f 905//3 193//3 890//3
f 890//3 193//3 195//482
f 890//3 195//482 891//3
f 891//3 195//482 197//3
f 197//3 199//3 891//3
f 891//3 199//3 201//3
f 891//3 201//3 203//3
f 203//3 205//3 891//3
f 891//3 205//3 207//3
f 891//3 207//3 209//3
f 209//3 211//3 891//3
f 891//3 211//3 213//3
f 891//3 213//3 215//3
f 215//3 217//3 891//3
f 891//3 217//3 219//3
f 891//3 219//3 261//3
f 261//3 219//3 221//3
f 261//3 221//3 223//3
f 907//3 892//3 908//3
f 908//3 892//3 893//3
f 905//338 890//338 907//338
f 907//338 890//338 892//338
f 169//43 170//43 872//43
f 872//43 170//43 906//43
f 880//43 876//43 875//43
f 909//43 895//43 906//43
f 906//43 895//43 880//43
f 906//43 880//43 872//43
f 872//43 880//43 875//43
f 872//43 875//43 873//43
f 866//43 893//43 865//43
f 865//43 893//43 869//43
f 865//43 869//43 867//43
f 867//43 869//43 819//43
f 867//43 819//43 868//43
f 868//43 819//43 820//43
f 866//43 910//43 893//43
f 893//43 910//43 911//43
f 893//43 911//43 908//43
f 908//43 911//43 912//43
f 908//43 912//43 913//43
f 913//43 914//43 908//43
f 908//43 914//43 915//43
f 908//43 915//43 916//43
f 917//1 918//1 919//1
f 920//1 921//1 922//1
f 923//1 924//1 925//1
f 926//1 927//1 922//1
f 922//1 927//1 928//1
f 922//1 928//1 929//1
f 930//1 927//1 931//1
f 931//1 927//1 926//1
f 931//1 926//1 932//1
f 932//1 926//1 933//1
f 934//1 935//1 936//1
f 936//1 935//1 937//1
f 938//1 939//1 940//1
f 940//1 939//1 926//1
f 940//1 926//1 937//1
f 937//1 926//1 922//1
f 937//1 922//1 936//1
f 936//1 922//1 921//1
f 941//1 942//1 943//1
f 943//1 942//1 944//1
f 943//1 944//1 945//1
f 946//1 947//1 948//1
f 949//1 939//1 942//1
f 942//1 939//1 938//1
f 942//1 938//1 944//1
f 950//1 951//1 952//1
f 953//1 954//1 955//1
f 956//1 957//1 953//1
f 953//1 957//1 958//1
f 955//1 959//1 953//1
f 953//1 959//1 960//1
f 953//1 960//1 961//1
f 962//1 963//1 952//1
f 952//1 963//1 964//1
f 952//1 964//1 965//1
f 965//1 966//1 952//1
f 952//1 966//1 967//1
f 952//1 967//1 950//1
f 951//1 968//1 952//1
f 952//1 968//1 969//1
f 952//1 969//1 970//1
f 970//1 971//1 952//1
f 952//1 971//1 972//1
f 952//1 972//1 973//1
f 958//1 974//1 953//1
f 953//1 974//1 975//1
f 953//1 975//1 976//1
f 976//1 977//1 953//1
f 953//1 977//1 978//1
f 953//1 978//1 954//1
f 973//1 979//1 952//1
f 952//1 979//1 980//1
f 952//1 980//1 981//1
f 948//1 949//1 946//1
f 946//1 949//1 942//1
f 946//1 942//1 953//1
f 953//1 942//1 952//1
f 953//1 952//1 956//1
f 956//1 952//1 981//1
f 962//1 952//1 982//1
f 982//1 952//1 919//1
f 982//1 919//1 983//1
f 983//1 919//1 984//1
f 983//1 984//1 985//1
f 985//1 984//1 986//1
f 985//1 986//1 987//1
f 988//1 989//1 990//1
f 990//1 989//1 991//1
f 992//1 993//1 994//1
f 994//1 995//1 996//1
f 997//1 998//1 994//1
f 994//1 998//1 999//1
f 994//1 999//1 995//1
f 1000//1 1001//1 990//1
f 990//1 1001//1 1002//1
f 1002//1 1003//1 990//1
f 990//1 1003//1 1004//1
f 990//1 1004//1 994//1
f 994//1 1004//1 1005//1
f 994//1 1005//1 997//1
f 993//1 1006//1 994//1
f 994//1 1006//1 1007//1
f 994//1 1007//1 1008//1
f 991//1 1009//1 990//1
f 990//1 1009//1 1010//1
f 990//1 1010//1 1011//1
f 996//1 1012//1 994//1
f 994//1 1012//1 1013//1
f 994//1 1013//1 992//1
f 1011//1 1014//1 990//1
f 990//1 1014//1 1015//1
f 990//1 1015//1 1000//1
f 1016//1 1017//1 1018//1
f 1018//1 1017//1 1019//1
f 1018//1 1019//1 1020//1
f 919//1 918//1 984//1
f 984//1 918//1 1021//1
f 984//1 1021//1 1022//1
f 1023//1 952//1 1024//1
f 1024//1 952//1 1025//1
f 1026//1 1027//1 919//1
f 919//1 1027//1 1028//1
f 919//1 1028//1 1029//1
f 1029//1 1030//1 919//1
f 919//1 1030//1 1031//1
f 919//1 1031//1 917//1
f 1032//1 1033//1 952//1
f 952//1 1033//1 1034//1
f 952//1 1034//1 1035//1
f 1035//1 1036//1 952//1
f 952//1 1036//1 1037//1
f 952//1 1037//1 1038//1
f 1023//1 1039//1 952//1
f 952//1 1039//1 1040//1
f 952//1 1040//1 1041//1
f 1042//1 1043//1 919//1
f 919//1 1043//1 1044//1
f 919//1 1044//1 1026//1
f 1038//1 1045//1 952//1
f 952//1 1045//1 1046//1
f 952//1 1046//1 1025//1
f 1041//1 1047//1 952//1
f 952//1 1047//1 1048//1
f 952//1 1048//1 919//1
f 919//1 1048//1 1049//1
f 919//1 1049//1 1042//1
f 192//1 190//1 1050//1
f 242//1 240//1 260//1
f 260//1 240//1 238//1
f 260//1 238//1 262//1
f 262//1 238//1 236//1
f 262//1 236//1 234//1
f 234//1 232//1 262//1
f 262//1 232//1 230//1
f 262//1 230//1 228//1
f 228//1 226//1 262//1
f 262//1 226//1 224//1
f 262//1 224//1 222//1
f 190//1 188//1 1050//1
f 1050//1 188//1 929//1
f 1050//1 929//1 1051//1
f 1051//1 929//1 928//1
f 1051//1 928//1 1052//1
f 222//1 220//1 262//1
f 262//1 220//1 218//1
f 262//1 218//1 216//1
f 210//1 208//1 1050//1
f 202//1 200//1 1050//1
f 1050//1 200//1 198//1
f 216//1 214//1 262//1
f 262//1 214//1 212//1
f 262//1 212//1 210//1
f 198//1 196//1 1050//1
f 1050//1 196//1 194//1
f 1050//1 194//1 192//1
f 208//1 206//1 1050//1
f 1050//1 206//1 204//1
f 1050//1 204//1 202//1
f 250//1 259//1 252//1
f 252//1 259//1 254//1
f 250//1 248//1 259//1
f 259//1 248//1 246//1
f 259//1 246//1 260//1
f 260//1 246//1 244//1
f 260//1 244//1 242//1
f 840//1 842//1 1053//1
f 145//1 147//1 844//1
f 254//1 259//1 134//1
f 134//1 259//1 256//1
f 134//1 256//1 135//1
f 147//1 149//1 844//1
f 844//1 149//1 151//1
f 844//1 151//1 256//1
f 256//1 151//1 153//1
f 256//1 153//1 155//1
f 155//1 157//1 256//1
f 256//1 157//1 159//1
f 256//1 159//1 161//1
f 161//1 163//1 256//1
f 256//1 163//1 165//1
f 256//1 165//1 135//1
f 174//1 172//1 844//1
f 844//1 172//1 137//1
f 844//1 137//1 139//1
f 139//1 141//1 844//1
f 844//1 141//1 143//1
f 844//1 143//1 145//1
f 180//1 178//1 1053//1
f 844//1 840//1 174//1
f 174//1 840//1 1053//1
f 174//1 1053//1 176//1
f 176//1 1053//1 178//1
f 186//1 184//1 1053//1
f 1053//1 184//1 182//1
f 1053//1 182//1 180//1
f 210//1 1050//1 262//1
f 262//1 1050//1 1054//1
f 262//1 1054//1 263//1
f 263//1 1054//1 866//1
f 263//1 866//1 264//1
f 188//1 186//1 929//1
f 929//1 186//1 1053//1
f 929//1 1053//1 922//1
f 922//1 1053//1 1055//1
f 922//1 1055//1 920//1
f 920//1 1055//1 1056//1
f 920//1 1056//1 1057//1
f 1051//1 923//1 1050//1
f 1050//1 923//1 925//1
f 1050//1 925//1 1054//1
f 1054//1 925//1 933//1
f 1054//1 933//1 1058//1
f 1058//1 933//1 926//1
f 1058//1 926//1 986//1
f 986//1 926//1 939//1
f 986//1 939//1 987//1
f 987//1 939//1 949//1
f 984//1 913//1 986//1
f 986//1 913//1 912//1
f 986//1 912//1 1058//1
f 1058//1 912//1 911//1
f 1058//1 911//1 1054//1
f 1054//1 911//1 910//1
f 1054//1 910//1 866//1
f 1008//1 1059//1 994//1
f 994//1 1059//1 1060//1
f 994//1 1060//1 1061//1
f 1061//1 1060//1 1032//1
f 1061//1 1032//1 1062//1
f 1062//1 1032//1 952//1
f 1062//1 952//1 1056//1
f 1056//1 952//1 942//1
f 1056//1 942//1 1057//1
f 1057//1 942//1 941//1
f 1057//1 941//1 1063//1
f 1022//1 1064//1 984//1
f 984//1 1064//1 1065//1
f 984//1 1065//1 913//1
f 913//1 1065//1 1016//1
f 913//1 1016//1 914//1
f 914//1 1016//1 1018//1
f 914//1 1018//1 915//1
f 915//1 1018//1 1066//1
f 915//1 1066//1 916//1
f 1020//1 988//1 1018//1
f 1018//1 988//1 990//1
f 1018//1 990//1 1066//1
f 1066//1 990//1 1067//1
f 1068//1 1069//1 1070//1
f 1070//1 1069//1 1071//1
f 1072//1 1073//1 1074//1
f 1074//1 1073//1 994//1
f 994//1 1073//1 990//1
f 990//1 1073//1 1075//1
f 990//1 1075//1 1067//1
f 1067//1 1075//1 1076//1
f 1067//1 1076//1 1077//1
f 1077//1 1076//1 1078//1
f 1077//1 1078//1 1070//1
f 1071//1 1074//1 1070//1
f 1070//1 1074//1 994//1
f 1070//1 994//1 1077//1
f 1077//1 994//1 1061//1
f 1077//1 1061//1 1079//1
f 916//1 1066//1 1080//1
f 1080//1 1066//1 1067//1
f 1080//1 1067//1 1081//1
f 1081//1 1067//1 1077//1
f 1081//1 1077//1 1082//1
f 1082//1 1077//1 1079//1
f 1082//1 1079//1 1083//1
f 842//1 879//1 1053//1
f 1053//1 879//1 902//1
f 1053//1 902//1 1055//1
f 1055//1 902//1 903//1
f 1055//1 903//1 1056//1
f 1056//1 903//1 904//1
f 1056//1 904//1 1062//1
f 1062//1 904//1 901//1
f 1062//1 901//1 1061//1
f 1061//1 901//1 900//1
f 1061//1 900//1 1079//1
f 1079//1 900//1 898//1
f 1079//1 898//1 1083//1
f 1083//1 898//1 897//1
f 845//338 844//338 825//338
f 825//338 844//338 256//338
f 825//338 256//338 826//338
f 826//338 256//338 267//338
f 814//338 822//338 821//338
f 887//338 888//338 1084//338
f 1084//338 888//338 1085//338
f 1084//338 1085//338 276//338
f 276//338 1085//338 278//338
f 278//338 1085//338 846//338
f 278//338 846//338 821//338
f 821//338 846//338 815//338
f 821//338 815//338 814//338
f 267//338 822//338 826//338
f 826//338 822//338 838//338
f 826//338 838//338 828//338
f 828//338 838//338 836//338
f 828//338 836//338 830//338
f 830//338 836//338 833//338
f 830//338 833//338 814//338
f 814//338 833//338 832//338
f 814//338 832//338 822//338
f 822//338 832//338 838//338
f 1086//127 1087//127 1088//127
f 1088//127 1087//127 847//127
f 1088//127 847//127 1085//127
f 1085//127 847//127 846//127
f 1089//483 1090//483 1091//483
f 1092//484 1093//485 1094//485
f 1094//485 1093//485 1095//484
f 1094//300 1095//300 1096//300
f 1096//300 1095//300 1097//486
f 1096//452 1097//452 1098//452
f 1098//452 1097//452 1099//452
f 1098//297 1099//297 1100//297
f 1100//297 1099//297 1101//297
f 1100//487 1101//487 1102//453
f 1102//453 1101//487 1103//487
f 1102//295 1103//295 1104//295
f 1104//295 1103//295 1105//387
f 1104//294 1105//293 1106//293
f 1106//293 1105//293 1107//294
f 1106//388 1107//292 1108//292
f 1108//292 1107//292 1109//388
f 1108//389 1109//488 1110//389
f 1110//389 1109//488 1111//488
f 1110//489 1111//489 1112//391
f 1112//391 1111//489 1113//489
f 1112//289 1113//490 1114//289
f 1114//289 1113//490 1115//289
f 1114//491 1115//491 1116//491
f 1116//491 1115//491 1117//491
f 1116//286 1117//286 1118//492
f 1118//492 1117//286 1119//286
f 1118//493 1119//493 1120//494
f 1121//495 1093//495 1122//495
f 1122//495 1093//495 1092//495
f 1122//496 1092//496 1123//496
f 1123//303 1092//303 1124//303
f 1123//497 1124//497 1087//497
f 1087//498 1124//498 1125//498
f 284//499 283//499 1126//499
f 1126//499 283//499 848//499
f 1126//322 848//322 1127//322
f 1127//322 848//322 849//322
f 1127//321 849//321 1128//500
f 1128//500 849//321 850//321
f 1128//501 850//501 1129//501
f 1129//501 850//501 851//501
f 1129//502 851//317 1130//317
f 1130//317 851//317 852//502
f 1130//503 852//504 1131//504
f 1131//504 852//504 853//503
f 1131//439 853//314 1132//313
f 1132//313 853//314 854//440
f 1132//505 854//506 1133//506
f 1133//506 854//506 855//505
f 1133//507 855//508 1134//508
f 1134//508 855//508 856//509
f 1134//309 856//510 1135//443
f 1135//443 856//510 857//510
f 1135//511 857//512 1136//513
f 1136//513 857//512 858//514
f 1137//515 1138//516 1139//517
f 1139//517 1138//516 1140//518
f 1139//443 1140//510 1141//309
f 1141//309 1140//510 1142//309
f 1141//509 1142//507 1143//311
f 1143//311 1142//507 1144//519
f 1143//505 1144//506 1145//505
f 1145//505 1144//506 1146//505
f 1145//441 1146//439 1147//313
f 1147//313 1146//439 1148//314
f 1147//503 1148//503 1149//503
f 1149//503 1148//503 1150//503
f 1149//317 1150//502 1151//317
f 1151//317 1150//502 1152//502
f 1151//435 1152//435 1153//520
f 1153//520 1152//435 1154//435
f 1153//500 1154//500 1155//321
f 1155//321 1154//500 1156//500
f 1155//322 1156//322 1157//322
f 1157//322 1156//322 1158//322
f 1157//432 1158//432 1159//432
f 1159//432 1158//432 1160//432
f 1159//326 1160//326 1161//521
f 1161//521 1160//326 1162//521
f 1161//380 1162//380 1163//380
f 1163//380 1162//380 1164//522
f 1163//328 1164//328 1165//328
f 1165//328 1164//328 1166//523
f 1165//332 1166//333 1167//379
f 1167//379 1166//333 1168//333
f 1167//524 1168//525 1169//378
f 1169//378 1168//525 1170//524
f 1169//526 1170//526 1171//527
f 1171//527 1170//526 1172//526
f 1171//426 1172//242 1173//242
f 1119//493 1089//493 1120//494
f 1120//528 1089//483 1091//483
f 1120//529 1091//529 1174//529
f 1174//530 1091//530 1175//530
f 1174//281 1175//531 1176//531
f 1176//531 1175//531 1177//398
f 1176//532 1177//279 1178//532
f 1178//532 1177//279 1179//279
f 1178//533 1179//534 1180//535
f 1180//535 1179//534 1181//535
f 1180//276 1181//401 1182//401
f 1182//401 1181//401 1183//401
f 1182//402 1183//402 1184//402
f 1184//402 1183//402 1185//402
f 1184//273 1185//536 1186//403
f 1186//403 1185//536 1187//273
f 1186//537 1187//537 1188//537
f 1188//537 1187//537 1189//537
f 1188//538 1189//270 1190//539
f 1190//539 1189//270 1191//540
f 1190//269 1191//541 1192//269
f 1192//269 1191//541 1193//269
f 1192//542 1193//543 1194//543
f 1194//543 1193//543 1195//543
f 1194//266 1195//266 1196//544
f 1196//544 1195//266 1197//266
f 1196//265 1197//265 1198//265
f 1198//265 1197//265 1199//265
f 1198//545 1199//545 1200//545
f 1200//545 1199//545 1201//545
f 1200//260 1201//260 1202//260
f 1202//260 1201//260 1203//260
f 1202//417 1203//259 1204//417
f 1204//417 1203//259 1205//417
f 1204//258 1205//258 1206//375
f 1206//375 1205//258 1207//258
f 1206//254 1207//419 1208//420
f 1208//420 1207//419 1209//254
f 1208//251 1209//251 1210//252
f 1210//252 1209//251 1211//251
f 1210//546 1211//546 1212//376
f 1212//376 1211//546 1213//376
f 1212//547 1213//547 1214//548
f 1214//548 1213//547 1215//548
f 1214//246 1215//246 1216//246
f 1216//246 1215//246 1217//246
f 1216//245 1217//245 1218//245
f 1218//549 1217//549 1173//549
f 1218//243 1173//243 1219//243
f 1219//242 1173//242 1172//242
f 1137//550 1136//550 1138//550
f 1138//550 1136//550 858//550
f 1138//306 858//306 1220//306
f 1220//306 858//306 859//306
f 1220//551 859//305 1125//305
f 1125//305 859//305 860//552
f 1125//553 860//553 1087//553
f 1087//553 860//553 847//553
f 1221//1 281//1 1222//1
f 1222//1 281//1 280//1
f 1222//338 280//338 1223//338
f 1223//338 280//338 287//338
f 1090//1 886//1 884//1
f 1090//1 884//1 1224//1
f 1224//1 884//1 882//1
f 1224//1 882//1 1225//1
f 1099//1 1097//1 1085//1
f 886//1 1090//1 888//1
f 888//1 1090//1 1089//1
f 888//1 1089//1 1119//1
f 1121//1 1088//1 1093//1
f 1093//1 1088//1 1085//1
f 1093//1 1085//1 1095//1
f 1095//1 1085//1 1097//1
f 1119//1 1117//1 888//1
f 888//1 1117//1 1115//1
f 888//1 1115//1 1113//1
f 1113//1 1111//1 888//1
f 888//1 1111//1 1109//1
f 888//1 1109//1 1085//1
f 1085//1 1109//1 1107//1
f 1085//1 1107//1 1105//1
f 1105//1 1103//1 1085//1
f 1085//1 1103//1 1101//1
f 1085//1 1101//1 1099//1
f 1226//338 1225//338 1227//338
f 1227//338 1225//338 882//338
f 1227//338 882//338 1228//338
f 1228//338 882//338 881//338
f 1227//338 1229//338 1226//338
f 1226//338 1229//338 1230//338
f 1226//338 1230//338 1231//338
f 1231//338 1230//338 1232//338
f 1231//338 1232//338 1233//338
f 1234//43 1235//43 1224//43
f 1224//43 1235//43 1091//43
f 1224//43 1091//43 1090//43
f 1185//1 1183//1 1235//1
f 1091//1 1235//1 1175//1
f 1175//1 1235//1 1177//1
f 273//1 1137//1 1139//1
f 1183//1 1181//1 1235//1
f 1235//1 1181//1 1179//1
f 1235//1 1179//1 1177//1
f 1139//1 1141//1 273//1
f 273//1 1141//1 1143//1
f 273//1 1143//1 1145//1
f 1223//1 287//1 286//1
f 1191//1 1189//1 1235//1
f 1235//1 1189//1 1187//1
f 1235//1 1187//1 1185//1
f 1223//1 1195//1 1235//1
f 1235//1 1195//1 1193//1
f 1235//1 1193//1 1191//1
f 1153//1 1155//1 269//1
f 1155//1 1157//1 269//1
f 269//1 1157//1 1159//1
f 269//1 1159//1 1161//1
f 269//1 1167//1 286//1
f 286//1 1167//1 1169//1
f 286//1 1169//1 1171//1
f 1161//1 1163//1 269//1
f 269//1 1163//1 1165//1
f 269//1 1165//1 1167//1
f 1171//1 1173//1 286//1
f 286//1 1173//1 1217//1
f 286//1 1217//1 1215//1
f 1215//1 1213//1 286//1
f 286//1 1213//1 1211//1
f 286//1 1211//1 1209//1
f 1203//469 1201//469 286//1
f 286//1 1201//469 1199//1
f 286//1 1199//1 1223//1
f 1223//1 1199//1 1197//1
f 1223//1 1197//1 1195//1
f 1145//1 1147//1 273//1
f 273//1 1147//1 1149//1
f 273//1 1149//1 269//1
f 269//1 1149//1 1151//1
f 269//1 1151//1 1153//1
f 1209//1 1207//1 286//1
f 286//1 1207//1 1205//1
f 286//1 1205//1 1203//469
f 281//43 864//43 863//43
f 861//43 817//43 862//43
f 862//43 817//43 816//43
f 862//43 816//43 863//43
f 863//43 816//43 282//43
f 863//43 282//43 281//43
f 1236//43 1237//43 1221//43
f 1221//43 1237//43 1238//43
f 1238//43 1239//43 1221//43
f 1221//43 1239//43 1240//43
f 1221//43 1240//43 281//43
f 281//43 1240//43 1241//43
f 281//43 1241//43 864//43
f 1242//3 1243//3 1244//3
f 1150//3 1148//3 1245//3
f 1246//3 1247//3 1248//3
f 1249//3 1250//3 1251//3
f 1252//3 1253//3 1254//3
f 1255//3 1256//3 1257//3
f 1258//3 1257//3 1259//3
f 1259//3 1257//3 1256//3
f 1259//3 1256//3 1260//3
f 1261//3 1262//3 1263//3
f 1264//3 1265//3 1266//3
f 1267//3 1268//3 1251//3
f 1251//3 1268//3 1269//3
f 1251//3 1269//3 1270//3
f 1270//3 1269//3 1271//3
f 1270//3 1271//3 1263//3
f 1263//3 1271//3 1272//3
f 1263//3 1272//3 1261//3
f 1261//3 1272//3 1273//3
f 1266//3 1268//3 1264//3
f 1264//3 1268//3 1267//3
f 1264//3 1267//3 1274//3
f 1274//3 1267//3 1275//3
f 1274//3 1275//3 1276//3
f 1276//3 1275//3 1277//3
f 1278//3 1263//3 1279//3
f 1279//3 1263//3 1262//3
f 1279//3 1262//3 1280//3
f 1281//3 1282//3 1283//3
f 1283//3 1282//3 1284//3
f 1285//3 1286//3 1287//3
f 1288//3 1289//3 1285//3
f 1285//3 1289//3 1290//3
f 1285//3 1290//3 1291//3
f 1292//3 1293//3 1285//3
f 1285//3 1293//3 1294//3
f 1285//3 1294//3 1286//3
f 1295//3 1296//3 1282//3
f 1282//3 1296//3 1297//3
f 1297//3 1298//3 1282//3
f 1282//3 1298//3 1299//3
f 1282//3 1299//3 1285//3
f 1285//3 1299//3 1300//3
f 1285//3 1300//3 1292//3
f 1287//3 1301//3 1285//3
f 1285//3 1301//3 1302//3
f 1285//3 1302//3 1288//3
f 1281//3 1303//3 1282//3
f 1282//3 1303//3 1304//3
f 1282//3 1304//3 1305//3
f 1305//3 1306//3 1282//3
f 1282//3 1306//3 1307//3
f 1282//3 1307//3 1295//3
f 1308//3 1309//3 1310//3
f 1284//3 1282//3 1311//3
f 1311//3 1282//3 1312//3
f 1311//3 1312//3 1313//3
f 1309//3 1314//3 1310//3
f 1310//3 1314//3 1315//3
f 1310//3 1315//3 1312//3
f 1312//3 1315//3 1316//3
f 1312//3 1316//3 1313//3
f 1317//3 1244//3 1318//3
f 1318//3 1244//3 1319//3
f 1320//3 1321//3 1322//3
f 1322//3 1321//3 1323//3
f 1324//3 1325//3 1322//3
f 1322//3 1325//3 1326//3
f 1322//3 1326//3 1327//3
f 1327//3 1328//3 1322//3
f 1322//3 1328//3 1329//3
f 1322//3 1329//3 1320//3
f 1330//3 1331//3 1244//3
f 1244//3 1331//3 1332//3
f 1244//3 1332//3 1333//3
f 1333//3 1334//3 1244//3
f 1244//3 1334//3 1335//3
f 1244//3 1335//3 1319//3
f 1317//3 1336//3 1244//3
f 1244//3 1336//3 1337//3
f 1244//3 1337//3 1338//3
f 1339//3 1340//3 1322//3
f 1322//3 1340//3 1341//3
f 1322//3 1341//3 1324//3
f 1338//3 1342//3 1244//3
f 1244//3 1342//3 1343//3
f 1244//3 1343//3 1322//3
f 1322//3 1343//3 1344//3
f 1322//3 1344//3 1339//3
f 1291//3 1345//3 1285//3
f 1285//3 1345//3 1346//3
f 1285//3 1346//3 1347//3
f 1346//3 1348//3 1347//3
f 1347//3 1348//3 1349//3
f 1347//3 1349//3 1243//3
f 1243//3 1349//3 1350//3
f 1243//3 1350//3 1244//3
f 1244//3 1350//3 1351//3
f 1244//3 1351//3 1330//3
f 1198//3 1256//3 1196//3
f 1196//3 1256//3 1194//3
f 1255//3 1190//3 1256//3
f 1256//3 1190//3 1192//3
f 1256//3 1192//3 1194//3
f 1198//3 1200//3 1256//3
f 1256//3 1200//3 1202//3
f 1256//3 1202//3 1204//3
f 1352//3 1256//3 1210//3
f 1160//3 1158//3 1352//3
f 1204//3 1206//3 1256//3
f 1256//3 1206//3 1208//3
f 1256//3 1208//3 1210//3
f 1210//3 1212//3 1352//3
f 1352//3 1212//3 1214//3
f 1352//3 1214//3 1216//3
f 1172//3 1170//3 1352//3
f 1352//3 1170//3 1168//3
f 1352//3 1168//3 1166//3
f 1166//3 1164//3 1352//3
f 1352//3 1164//3 1162//3
f 1352//3 1162//3 1160//3
f 1216//3 1218//3 1352//3
f 1352//3 1218//3 1219//3
f 1352//3 1219//3 1172//3
f 1158//3 1156//3 1352//3
f 1352//3 1156//3 1154//3
f 1352//3 1154//3 1245//3
f 1245//3 1154//3 1152//3
f 1245//3 1152//3 1150//3
f 1182//3 1353//3 1180//3
f 1180//3 1353//3 1178//3
f 1182//3 1184//3 1353//3
f 1353//3 1184//3 1186//3
f 1353//3 1186//3 1255//3
f 1255//3 1186//3 1188//3
f 1255//3 1188//3 1190//3
f 1124//3 1092//3 1084//3
f 1092//3 1094//3 1084//3
f 1084//3 1094//3 1096//3
f 1084//3 1096//3 1098//3
f 1098//3 1100//3 1084//3
f 1084//3 1100//3 1102//3
f 1084//3 1102//3 1104//3
f 887//3 1120//3 1174//3
f 1104//3 1106//3 1084//3
f 1084//3 1106//3 1108//3
f 1084//3 1108//3 887//3
f 1108//3 1110//3 887//3
f 887//3 1110//3 1112//3
f 887//3 1112//3 1114//3
f 881//3 883//3 1353//3
f 1353//3 883//3 885//3
f 1353//3 885//3 1178//3
f 1178//3 885//3 887//3
f 1178//3 887//3 1176//3
f 1176//3 887//3 1174//3
f 1114//3 1116//3 887//3
f 887//3 1116//3 1118//3
f 887//3 1118//3 1120//3
f 1140//3 1138//3 1354//3
f 1354//3 1138//3 1220//3
f 1354//3 1220//3 1084//3
f 1084//3 1220//3 1125//3
f 1084//3 1125//3 1124//3
f 1148//3 1146//3 1245//3
f 1245//3 1146//3 1144//3
f 1245//3 1144//3 1354//3
f 1354//3 1144//3 1142//3
f 1354//3 1142//3 1140//3
f 271//3 268//3 864//3
f 1355//3 1356//3 1357//3
f 1357//3 1356//3 1358//3
f 1359//3 1360//3 1357//3
f 1358//3 1361//3 1357//3
f 1357//3 1361//3 1285//3
f 1357//3 1285//3 1359//3
f 1359//3 1285//3 1347//3
f 1359//3 1347//3 1362//3
f 1361//3 1363//3 1285//3
f 1285//3 1363//3 1364//3
f 1285//3 1364//3 1282//3
f 1282//3 1364//3 1365//3
f 1282//3 1365//3 1366//3
f 1360//3 1359//3 1366//3
f 1366//3 1359//3 1367//3
f 1366//3 1367//3 1282//3
f 1282//3 1367//3 1368//3
f 1282//3 1368//3 1312//3
f 1236//3 1362//3 1237//3
f 1237//3 1362//3 1347//3
f 1237//3 1347//3 1238//3
f 1238//3 1347//3 1243//3
f 1238//3 1243//3 1239//3
f 1239//3 1243//3 1242//3
f 1369//3 1370//3 1371//3
f 1372//3 1373//3 1374//3
f 1374//3 1373//3 1375//3
f 1376//3 1244//3 1377//3
f 1377//3 1244//3 1322//3
f 1377//3 1322//3 1378//3
f 1378//3 1322//3 1270//3
f 1378//3 1270//3 1375//3
f 1375//3 1270//3 1263//3
f 1375//3 1263//3 1374//3
f 1374//3 1263//3 1369//3
f 1379//3 1380//3 1244//3
f 1244//3 1380//3 1381//3
f 1371//3 1382//3 1369//3
f 1369//3 1382//3 1383//3
f 1369//3 1383//3 1384//3
f 1376//3 1385//3 1244//3
f 1244//3 1385//3 1386//3
f 1244//3 1386//3 1387//3
f 1387//3 1388//3 1244//3
f 1244//3 1388//3 1389//3
f 1244//3 1389//3 1379//3
f 1381//3 1390//3 1244//3
f 1244//3 1390//3 1391//3
f 1244//3 1391//3 1392//3
f 1393//3 1369//3 1394//3
f 1394//3 1369//3 1395//3
f 1392//3 1396//3 1244//3
f 1244//3 1396//3 1397//3
f 1244//3 1397//3 1398//3
f 1393//3 1399//3 1369//3
f 1369//3 1399//3 1400//3
f 1369//3 1400//3 1370//3
f 1401//3 1402//3 1369//3
f 1369//3 1402//3 1403//3
f 1369//3 1403//3 1395//3
f 1398//3 1404//3 1244//3
f 1244//3 1404//3 1405//3
f 1244//3 1405//3 1401//3
f 1323//3 1308//3 1322//3
f 1322//3 1308//3 1310//3
f 1322//3 1310//3 1270//3
f 1270//3 1310//3 1406//3
f 1270//3 1406//3 1251//3
f 1251//3 1406//3 1407//3
f 1251//3 1407//3 1249//3
f 1249//3 1407//3 1353//3
f 1249//3 1353//3 1248//3
f 1248//3 1353//3 1255//3
f 1248//3 1255//3 1246//3
f 1246//3 1255//3 1257//3
f 1368//3 1233//3 1312//3
f 1312//3 1233//3 1232//3
f 1312//3 1232//3 1310//3
f 1310//3 1232//3 1230//3
f 1310//3 1230//3 1406//3
f 1406//3 1230//3 1229//3
f 1406//3 1229//3 1407//3
f 1407//3 1229//3 1227//3
f 1407//3 1227//3 1353//3
f 1353//3 1227//3 1228//3
f 1353//3 1228//3 881//3
f 1250//3 1252//3 1251//3
f 1251//3 1252//3 1254//3
f 1251//3 1254//3 1267//3
f 1267//3 1254//3 1408//3
f 1267//3 1408//3 1275//3
f 1275//3 1408//3 1260//3
f 1275//3 1260//3 1409//3
f 1409//3 1260//3 1256//3
f 1409//3 1256//3 1410//3
f 1410//3 1256//3 1352//3
f 1401//3 1369//3 1244//3
f 1244//3 1369//3 1263//3
f 1244//3 1263//3 1242//3
f 1242//3 1263//3 1278//3
f 1242//3 1278//3 1239//3
f 1239//3 1278//3 1277//3
f 1239//3 1277//3 1240//3
f 1240//3 1277//3 1275//3
f 1240//3 1275//3 1241//3
f 1241//3 1275//3 1409//3
f 1241//3 1409//3 864//3
f 864//3 1409//3 1410//3
f 864//3 1410//3 271//3
f 271//3 1410//3 1352//3
f 271//3 1352//3 272//3
f 272//3 1352//3 1245//3
f 272//3 1245//3 274//3
f 274//3 1245//3 1354//3
f 274//3 1354//3 275//3
f 275//3 1354//3 1084//3
f 275//3 1084//3 276//3
f 1411//45 1412//554 1413//554
f 1413//555 1412//555 1414//555
f 1413//556 1414//556 1415//556
f 1415//557 1414//557 1416//557
f 1415//41 1416//41 1417//41
f 1417//41 1416//41 1418//41
f 1417//558 1418//559 1419//558
f 1419//558 1418//559 1420//558
f 1419//560 1420//561 1421//561
f 1421//561 1420//561 1422//561
f 1421//562 1422//563 1423//36
f 1423//36 1422//563 1424//562
f 1423//564 1424//564 1425//564
f 1425//564 1424//564 1426//35
f 1425//565 1426//33 1427//33
f 1427//33 1426//33 1428//565
f 1427//566 1428//566 1429//566
f 1429//566 1428//566 1430//567
f 1429//568 1430//569 1431//59
f 1431//59 1430//569 1432//59
f 1431//570 1432//570 1433//570
f 1433//570 1432//570 1434//571
f 1433//572 1434//572 1435//572
f 1435//572 1434//572 1436//572
f 1435//573 1436//573 1437//573
f 1437//573 1436//573 1438//573
f 1437//574 1438//575 1439//575
f 1439//575 1438//575 1440//575
f 1439//576 1440//576 1441//577
f 1441//577 1440//576 1442//576
f 1441//578 1442//69 1443//69
f 1443//69 1442//69 1444//579
f 1443//580 1444//71 1445//71
f 1445//71 1444//71 1446//580
f 1445//72 1446//72 1447//581
f 1447//581 1446//72 1448//72
f 1447//582 1448//74 1449//582
f 1449//582 1448//74 1450//74
f 1449//583 1450//584 1451//584
f 1451//584 1450//584 1452//585
f 1451//77 1452//77 1453//78
f 1453//78 1452//77 1454//78
f 1453//586 1454//587 1455//586
f 1455//586 1454//587 1456//587
f 1455//83 1456//588 1457//588
f 1457//588 1456//588 1458//82
f 1457//85 1458//85 1459//85
f 1459//85 1458//85 1460//85
f 1459//89 1460//589 1461//589
f 1461//589 1460//589 1462//89
f 1461//590 1462//591 1463//592
f 1463//592 1462//591 1464//592
f 1463//593 1464//594 1465//91
f 1465//91 1464//594 1466//595
f 1465//92 1466//92 1467//92
f 1467//92 1466//92 1468//596
f 1467//597 1468//597 1469//598
f 1469//598 1468//597 1470//597
f 1469//98 1470//98 1471//98
f 1471//98 1470//98 1472//98
f 1471//599 1472//600 1473//600
f 1473//600 1472//600 1474//600
f 1473//601 1474//601 1475//601
f 1475//601 1474//601 1476//601
f 1475//103 1476//103 1477//103
f 1477//103 1476//103 1478//602
f 1477//106 1478//603 1479//106
f 1479//106 1478//603 1480//106
f 1479//107 1480//604 1481//107
f 1481//107 1480//604 1482//605
f 1481//606 1482//606 1483//606
f 1483//606 1482//606 1484//606
f 1483//607 1484//608 1485//608
f 1485//608 1484//608 1486//608
f 1485//609 1486//610 1487//609
f 1487//609 1486//610 1488//611
f 1487//612 1488//612 1489//612
f 1489//612 1488//612 1490//612
f 1489//613 1490//613 1491//613
f 1491//613 1490//613 1492//613
f 1491//614 1492//8 1493//8
f 1493//8 1492//8 1494//7
f 1493//9 1494//9 1495//9
f 1495//9 1494//9 1496//9
f 1495//615 1496//615 1497//615
f 1497//615 1496//615 1498//10
f 1497//616 1498//14 1499//14
f 1499//14 1498//14 1500//14
f 1499//617 1500//618 1501//16
f 1501//16 1500//618 1502//617
f 1501//619 1502//619 1503//619
f 1503//619 1502//619 1504//619
f 1503//21 1504//118 1505//21
f 1505//21 1504//118 1506//118
f 1505//620 1506//23 1507//621
f 1507//621 1506//23 1508//622
f 1507//26 1508//26 1509//26
f 1509//26 1508//26 1510//26
f 1509//623 1510//623 1511//623
f 1511//623 1510//623 1512//624
f 1511//625 1512//625 1513//625
f 1513//625 1512//625 1514//625
f 1513//123 1514//124 1515//626
f 1515//626 1514//124 1516//626
f 1515//627 1516//628 1517//629
f 1517//629 1516//628 1518//629
f 1517//53 1518//630 1519//53
f 1519//53 1518//630 1520//631
f 1519//51 1520//632 1521//51
f 1521//51 1520//632 1522//633
f 1521//49 1522//49 1523//49
f 1523//49 1522//49 1524//634
f 1523//635 1524//635 1525//636
f 1525//636 1524//635 1526//637
f 1525//638 1526//638 1527//638
f 1527//638 1526//638 1528//638
f 1527//639 1528//639 1529//640
f 1529//640 1528//639 1411//641
f 1529//642 1411//45 1413//554
f 1530//338 3//338 7//338
f 1531//338 1532//338 1533//338
f 1533//338 1532//338 1534//338
f 1534//338 1532//338 1535//338
f 1535//338 1532//338 1536//338
f 1535//338 1536//338 1537//338
f 1537//338 1536//338 70//338
f 1537//338 70//338 17//338
f 17//338 1538//338 1537//338
f 1537//338 1538//338 1530//338
f 1537//338 1530//338 1539//338
f 1539//338 1530//338 7//338
f 1540//474 29//474 1530//474
f 1530//474 29//474 3//474
f 1226//643 1539//644 1225//644
f 1225//644 1539//644 7//645
f 7//645 6//645 1225//644
f 1225//644 6//645 1541//646
f 1225//644 1541//646 1224//643
f 1534//647 896//648 894//647
f 894//647 895//648 1542//649
f 1534//647 894//647 1533//650
f 1533//650 894//647 1542//649
f 1533//650 1542//649 1543//650
f 907//127 908//127 905//127
f 905//127 908//127 916//127
f 1359//127 1223//127 1367//127
f 1367//127 1223//127 1235//127
f 1367//127 1235//127 1368//127
f 1221//127 1222//127 1236//127
f 1236//127 1222//127 1223//127
f 1236//127 1223//127 1362//127
f 1362//127 1223//127 1359//127
f 916//127 1080//127 905//127
f 905//127 1080//127 1081//127
f 905//127 1081//127 906//127
f 906//127 1081//127 1082//127
f 1082//127 1083//127 906//127
f 906//127 1083//127 897//127
f 906//127 897//127 909//127
f 909//127 897//127 899//127
f 909//127 899//127 1544//127
f 1544//127 899//127 1535//127
f 1544//127 1535//127 1545//127
f 1545//127 1535//127 1537//127
f 1545//127 1537//127 1234//127
f 1234//127 1537//127 1231//127
f 1234//127 1231//127 1235//127
f 1235//127 1231//127 1233//127
f 1235//127 1233//127 1368//127
f 105//338 1546//338 74//338
f 74//338 1546//338 1547//338
f 74//338 1547//338 1548//338
f 1549//3 1550//3 1551//3
f 1552//3 1553//3 1538//3
f 1553//3 1554//3 1538//3
f 1538//3 1554//3 1555//3
f 1538//3 1555//3 1556//3
f 1557//3 1558//3 1540//3
f 1540//3 1558//3 1559//3
f 1540//3 1559//3 1560//3
f 1561//3 1562//3 1549//3
f 1549//3 1551//3 1538//3
f 1538//3 1551//3 1563//3
f 1538//3 1563//3 1552//3
f 1556//3 1564//3 1538//3
f 1538//3 1564//3 1565//3
f 1538//3 1565//3 1566//3
f 1567//3 1568//3 1530//3
f 1562//3 1569//3 1549//3
f 1549//3 1569//3 1570//3
f 1549//3 1570//3 1550//3
f 1566//3 1571//3 1538//3
f 1538//3 1571//3 1572//3
f 1538//3 1572//3 1573//3
f 1567//3 1530//3 1574//3
f 1568//3 1575//3 1530//3
f 1530//3 1575//3 1576//3
f 1530//3 1576//3 1577//3
f 1557//3 1540//3 1578//3
f 1578//3 1540//3 1530//3
f 1578//3 1530//3 1579//3
f 1560//3 1580//3 1540//3
f 1540//3 1580//3 1581//3
f 1540//3 1581//3 1582//3
f 1582//3 1583//3 1540//3
f 1540//3 1583//3 1584//3
f 1540//3 1584//3 1585//3
f 1573//3 1586//3 1538//3
f 1538//3 1586//3 1587//3
f 1538//3 1587//3 1588//3
f 1588//3 1589//3 1538//3
f 1538//3 1589//3 1590//3
f 1538//3 1590//3 1530//3
f 1530//3 1590//3 1591//3
f 1530//3 1591//3 1574//3
f 1577//3 1592//3 1530//3
f 1530//3 1592//3 1593//3
f 1530//3 1593//3 1594//3
f 1549//3 1595//3 1596//3
f 1596//3 1597//3 1549//3
f 1549//3 1597//3 1598//3
f 1549//3 1598//3 1599//3
f 1599//3 1600//3 1549//3
f 1549//3 1600//3 1601//3
f 1549//3 1601//3 1561//3
f 1594//3 1602//3 1530//3
f 1530//3 1602//3 1603//3
f 1530//3 1603//3 1604//3
f 1585//3 1605//3 1540//3
f 1540//3 1605//3 1606//3
f 1540//3 1606//3 1549//3
f 1549//3 1606//3 1607//3
f 1549//3 1607//3 1595//3
f 1604//3 1608//3 1530//3
f 1530//3 1608//3 1609//3
f 1530//3 1609//3 1579//3
f 1540//338 1549//338 29//338
f 29//338 1549//338 25//338
f 91//127 70//127 1610//127
f 1610//127 70//127 1536//127
f 1610//127 1536//127 1611//127
f 1611//127 1536//127 1546//127
f 1611//127 1546//127 104//127
f 104//127 1546//127 105//127
f 17//127 25//127 1538//127
f 1538//127 25//127 1549//127
f 1606//651 1605//651 60//651
f 60//652 1605//639 61//653
f 61//653 1605//639 1585//639
f 61//654 1585//654 62//47
f 62//47 1585//654 1584//654
f 62//48 1584//48 63//635
f 63//635 1584//48 1583//48
f 63//655 1583//655 64//49
f 64//49 1583//655 1582//655
f 64//51 1582//50 65//51
f 65//51 1582//50 1581//656
f 65//630 1581//630 66//630
f 66//630 1581//630 1580//630
f 66//657 1580//658 27//658
f 27//658 1580//658 1560//659
f 27//660 1560//124 28//123
f 28//123 1560//124 1559//626
f 28//661 1559//661 44//661
f 44//661 1559//661 1558//661
f 44//27 1558//27 45//27
f 45//27 1558//27 1557//27
f 45//24 1557//662 46//24
f 46//24 1557//662 1578//663
f 46//622 1578//664 1//664
f 1//664 1578//664 1579//22
f 1//19 1579//19 2//19
f 1579//19 1609//19 2//19
f 2//665 1609//665 1608//665
f 2//666 1608//667 13//668
f 13//668 1608//667 1604//669
f 13//670 1604//670 10//671
f 10//671 1604//670 1603//671
f 10//672 1603//672 8//13
f 8//13 1603//672 1602//13
f 8//10 1602//615 9//10
f 9//10 1602//615 1594//10
f 9//673 1594//673 30//673
f 30//673 1594//673 1593//673
f 30//7 1593//7 31//7
f 31//7 1593//7 1592//8
f 31//114 1592//674 11//114
f 11//114 1592//674 1577//674
f 11//112 1577//612 12//612
f 12//612 1577//612 1576//612
f 12//111 1576//111 14//110
f 14//110 1576//111 1575//110
f 14//608 1575//675 15//608
f 15//608 1575//675 1568//675
f 15//108 1568//676 16//677
f 16//677 1568//676 1567//676
f 16//107 1567//605 32//605
f 32//605 1567//605 1574//605
f 32//678 1574//679 33//603
f 33//603 1574//679 1591//679
f 33//103 1591//103 34//602
f 34//602 1591//103 1590//103
f 34//100 1590//680 57//680
f 57//680 1590//680 1589//100
f 57//599 1589//599 58//599
f 58//599 1589//599 1588//599
f 58//681 1588//681 59//681
f 59//681 1588//681 1587//681
f 59//682 1587//598 47//683
f 47//683 1587//598 1586//598
f 47//596 1586//92 35//596
f 35//596 1586//92 1573//596
f 35//594 1573//594 36//594
f 36//594 1573//594 1572//594
f 36//90 1572//90 48//90
f 48//90 1572//90 1571//90
f 48//684 1571//684 49//684
f 49//684 1571//684 1566//684
f 49//685 1566//685 50//685
f 50//685 1566//685 1565//685
f 50//82 1565//83 18//82
f 18//82 1565//83 1564//82
f 18//686 1564//587 19//587
f 19//587 1564//587 1556//587
f 19//78 1556//78 20//78
f 20//78 1556//78 1555//78
f 20//583 1555//584 21//584
f 21//584 1555//584 1554//585
f 21//582 1554//582 22//582
f 22//582 1554//582 1553//582
f 22//581 1553//72 38//72
f 38//72 1553//72 1552//687
f 38//688 1552//688 39//688
f 39//688 1552//688 1563//688
f 39//68 1563//69 40//68
f 40//68 1563//69 1551//69
f 40//66 1551//67 23//67
f 23//67 1551//67 1550//66
f 23//65 1550//689 24//689
f 24//689 1550//689 1570//689
f 24//573 1570//573 26//573
f 26//573 1570//573 1569//63
f 26//690 1569//691 41//691
f 41//691 1569//691 1562//691
f 41//571 1562//692 42//571
f 42//571 1562//692 1561//693
f 42//568 1561//59 43//569
f 43//569 1561//59 1601//59
f 43//567 1601//567 51//567
f 51//567 1601//567 1600//567
f 51//34 1600//694 52//34
f 52//34 1600//694 1599//34
f 52//564 1599//35 53//35
f 53//35 1599//35 1598//35
f 53//695 1598//695 54//696
f 54//696 1598//695 1597//695
f 54//560 1597//697 55//697
f 55//697 1597//697 1596//560
f 55//558 1596//39 56//558
f 56//558 1596//39 1595//39
f 56//698 1595//42 67//42
f 67//42 1595//42 1607//698
f 67//699 1607//699 68//699
f 68//700 1607//700 1606//700
f 68//701 1606//701 69//701
f 69//651 1606//651 60//651
f 1548//702 1547//702 1612//474
f 1612//474 1547//702 1613//474
f 1543//43 1542//43 1544//43
f 1541//43 6//43 1545//43
f 1545//43 6//43 5//43
f 1545//43 5//43 1544//43
f 1544//43 5//43 1614//43
f 1544//43 1614//43 1543//43
f 1542//703 895//703 1544//703
f 1544//703 895//703 909//703
f 1545//704 1234//704 1541//704
f 1541//704 1234//704 1224//704
f 896//705 1534//705 899//705
f 899//705 1534//705 1535//705
f 1231//706 1537//706 1226//706
f 1226//706 1537//706 1539//706
f 1500//1 1532//1 1502//1
f 1502//1 1532//1 1613//1
f 1500//1 1498//1 1532//1
f 1532//1 1498//1 1496//1
f 1532//1 1496//1 1494//1
f 1508//1 1506//1 1613//1
f 1613//1 1506//1 1504//1
f 1613//1 1504//1 1502//1
f 1448//1 1446//1 1536//1
f 1536//1 1446//1 1444//1
f 1536//1 1444//1 1546//1
f 1546//1 1444//1 1442//1
f 1546//1 1442//1 1440//1
f 1547//1 1512//1 1613//1
f 1613//1 1512//1 1510//1
f 1613//1 1510//1 1508//1
f 1454//1 1452//1 1536//1
f 1536//1 1452//1 1450//1
f 1536//1 1450//1 1448//1
f 1440//1 1438//1 1546//1
f 1546//1 1438//1 1436//1
f 1546//1 1436//1 1434//1
f 1428//1 1426//1 1546//1
f 1546//1 1426//1 1424//1
f 1424//1 1422//1 1546//1
f 1546//1 1422//1 1420//1
f 1546//1 1420//1 1418//1
f 1547//1 1520//1 1518//1
f 1434//1 1432//1 1546//1
f 1546//1 1432//1 1430//1
f 1546//1 1430//1 1428//1
f 1526//1 1547//1 1528//1
f 1528//1 1547//1 1411//1
f 1526//1 1524//1 1547//1
f 1547//1 1524//1 1522//1
f 1547//1 1522//1 1520//1
f 1494//1 1492//1 1532//1
f 1532//1 1492//1 1490//1
f 1532//1 1490//1 1488//1
f 1518//1 1516//1 1547//1
f 1547//1 1516//1 1514//1
f 1547//1 1514//1 1512//1
f 1488//1 1486//1 1532//1
f 1532//1 1486//1 1484//1
f 1532//1 1484//1 1482//1
f 1460//1 1536//1 1462//1
f 1462//1 1536//1 1464//1
f 1460//1 1458//1 1536//1
f 1536//1 1458//1 1456//1
f 1536//1 1456//1 1454//1
f 1418//1 1416//1 1546//1
f 1546//1 1416//1 1414//1
f 1546//1 1414//1 1547//1
f 1547//1 1414//1 1412//1
f 1547//1 1412//1 1411//1
f 1470//1 1536//1 1472//1
f 1472//1 1536//1 1474//1
f 1470//1 1468//1 1536//1
f 1536//1 1468//1 1466//1
f 1536//1 1466//1 1464//1
f 1482//1 1480//1 1532//1
f 1532//1 1480//1 1478//1
f 1532//1 1478//1 1536//1
f 1536//1 1478//1 1476//1
f 1536//1 1476//1 1474//1
f 1610//3 1447//3 1449//3
f 1439//3 1611//3 1437//3
f 1437//3 1611//3 1435//3
f 1439//3 1441//3 1611//3
f 1611//3 1441//3 1443//3
f 1611//3 1443//3 1610//3
f 1610//3 1443//3 1445//3
f 1610//3 1445//3 1447//3
f 1449//3 1451//3 1610//3
f 1610//3 1451//3 1453//3
f 1610//3 1453//3 1455//3
f 1425//3 1427//3 1611//3
f 1611//3 1427//3 1429//3
f 1455//3 1457//3 1610//3
f 1610//3 1457//3 1459//3
f 1610//3 1459//3 1461//3
f 1417//3 1419//3 1615//3
f 1615//3 1419//3 1421//3
f 1615//3 1421//3 1611//3
f 1611//3 1421//3 1423//3
f 1611//3 1423//3 1425//3
f 1429//3 1431//3 1611//3
f 1611//3 1431//3 1433//3
f 1611//3 1433//3 1435//3
f 1461//3 1463//3 1610//3
f 1610//3 1463//3 1465//3
f 1610//3 1465//3 1616//3
f 1616//3 1465//3 1467//3
f 1616//3 1467//3 1469//3
f 1469//3 1471//3 1616//3
f 1616//3 1471//3 1473//3
f 1616//3 1473//3 1617//3
f 1617//3 1473//3 1475//3
f 1617//3 1475//3 1618//3
f 1618//3 1475//3 1477//3
f 1618//3 1477//3 1619//3
f 1619//3 1477//3 1479//3
f 1619//3 1479//3 1620//3
f 1620//3 1479//3 1481//3
f 1620//3 1481//3 1621//3
f 1621//3 1481//3 1483//3
f 1621//3 1483//3 1622//3
f 1622//3 1483//3 1485//3
f 1622//3 1485//3 1623//3
f 1623//3 1485//3 1487//3
f 1623//3 1487//3 1624//3
f 1624//3 1487//3 1489//3
f 1624//3 1489//3 1625//3
f 1625//3 1489//3 1491//3
f 1625//3 1491//3 1626//3
f 1626//3 1491//3 1493//3
f 1626//3 1493//3 1627//3
f 1627//3 1493//3 1495//3
f 1627//3 1495//3 1628//3
f 1628//3 1495//3 1497//3
f 1628//3 1497//3 1629//3
f 1629//3 1497//3 1499//3
f 1629//3 1499//3 1630//3
f 1630//3 1499//3 1501//3
f 1630//3 1501//3 1631//3
f 1631//3 1501//3 1503//3
f 1631//3 1503//3 1632//3
f 1632//3 1503//3 1505//3
f 1632//3 1505//3 1633//3
f 1633//3 1505//3 1507//3
f 1633//3 1507//3 1634//3
f 1634//3 1507//3 1509//3
f 1634//3 1509//3 1635//3
f 1635//3 1509//3 1511//3
f 1635//3 1511//3 1636//3
f 1636//3 1511//3 1513//3
f 1636//3 1513//3 1637//3
f 1637//3 1513//3 1515//3
f 1637//3 1515//3 1638//3
f 1638//3 1515//3 1517//3
f 1638//3 1517//3 1639//3
f 1639//3 1517//3 1519//3
f 1639//3 1519//3 1640//3
f 1640//3 1519//3 1521//3
f 1640//3 1521//3 1641//3
f 1641//3 1521//3 1523//3
f 1641//3 1523//3 1642//3
f 1642//3 1523//3 1525//3
f 1642//3 1525//3 1643//3
f 1643//3 1525//3 1527//3
f 1643//3 1527//3 1644//3
f 1644//3 1527//3 1529//3
f 1644//3 1529//3 1645//3
f 1645//3 1529//3 1413//3
f 1645//3 1413//3 1615//3
f 1615//3 1413//3 1415//3
f 1615//3 1415//3 1417//3
f 1615//707 106//707 1645//707
f 1645//707 106//707 107//707
f 1645//708 107//709 1644//709
f 1644//709 107//709 95//708
f 1644//710 95//711 1643//710
f 1643//710 95//711 94//711
f 1643//712 94//713 1642//714
f 1642//714 94//713 103//712
f 1642//715 103//716 1641//715
f 1641//715 103//716 102//716
f 1641//717 102//718 1640//719
f 1640//719 102//718 101//720
f 1640//721 101//721 1639//722
f 1639//722 101//721 100//721
f 1639//723 100//723 1638//723
f 1638//723 100//723 99//724
f 1638//725 99//726 1637//727
f 1637//727 99//726 98//728
f 1637//729 98//729 1636//730
f 1636//730 98//729 97//731
f 1636//732 97//733 1635//734
f 1635//734 97//733 96//734
f 1635//735 96//736 1634//735
f 1634//735 96//736 73//736
f 1634//737 73//738 1633//739
f 1633//739 73//738 72//738
f 1633//740 72//741 1632//741
f 1632//741 72//741 83//741
f 1632//742 83//743 1631//743
f 1631//743 83//743 82//742
f 1631//744 82//745 1630//745
f 1630//745 82//745 81//744
f 1630//746 81//746 1629//747
f 1629//747 81//746 78//747
f 1629//748 78//749 1628//750
f 1628//750 78//749 76//749
f 1628//751 76//752 1627//751
f 1627//751 76//752 75//752
f 1627//753 75//753 1626//753
f 1626//753 75//753 93//754
f 1626//755 93//756 1625//757
f 1625//757 93//756 92//756
f 1625//758 92//759 1624//758
f 1624//758 92//759 89//760
f 1624//761 89//762 1623//761
f 1623//761 89//762 88//762
f 1623//763 88//763 1622//763
f 1622//763 88//763 87//763
f 1622//764 87//765 1621//765
f 1621//765 87//765 86//765
f 1621//766 86//767 1620//767
f 1620//767 86//767 85//766
f 1620//768 85//769 1619//770
f 1619//770 85//769 84//768
f 1619//771 84//772 1618//771
f 1618//771 84//772 80//772
f 1618//773 80//774 1617//774
f 1617//774 80//774 79//773
f 1617//775 79//775 1616//775
f 1616//775 79//775 90//775
f 106//43 1615//43 104//43
f 104//43 1615//43 1611//43
f 91//338 1610//338 90//338
f 90//338 1610//338 1616//338
f 1254//2 1646//2 1408//2
f 1408//2 1646//2 1647//2
f 1408//2 1647//2 1260//2
f 1260//776 1647//777 1259//776
f 1259//776 1647//777 1648//776
f 1259//776 1648//776 1258//776
f 1648//338 1649//338 1258//338
f 1258//338 1649//338 1257//338
f 1649//127 1650//127 1257//127
f 1257//127 1650//127 1246//127
f 1650//43 1651//43 1246//43
f 1246//43 1651//43 1247//43
f 1247//778 1651//778 1248//779
f 1248//779 1651//778 1652//780
f 1248//779 1652//780 1249//781
f 1249//2 1652//2 1250//2
f 1250//2 1652//2 1653//2
f 1250//2 1653//2 1252//2
f 1653//782 1654//782 1252//782
f 1252//782 1654//782 1253//782
f 1654//783 1646//783 1253//783
f 1253//783 1646//783 1254//783
f 1653//3 1652//3 1654//3
f 1654//3 1652//3 1651//3
f 1647//3 1646//3 1648//3
f 1648//3 1646//3 1654//3
f 1648//3 1654//3 1649//3
f 1649//3 1654//3 1651//3
f 1649//3 1651//3 1650//3
f 1280//784 1655//784 1279//785
f 1279//785 1655//784 1656//785
f 1279//785 1656//785 1278//784
f 1278//784 1656//785 1277//786
f 1656//127 1657//127 1264//127
f 1264//127 1274//127 1656//127
f 1656//127 1274//127 1276//127
f 1656//127 1276//127 1277//127
f 1657//787 1658//787 1264//787
f 1264//787 1658//787 1265//787
f 1658//788 1659//788 1265//788
f 1265//788 1659//788 1266//788
f 1659//338 1660//338 1266//338
f 1266//338 1660//338 1268//338
f 1660//127 1661//127 1268//127
f 1268//127 1661//127 1269//127
f 1661//43 1662//43 1269//43
f 1269//43 1662//43 1271//43
f 1662//2 1663//2 1271//2
f 1271//2 1663//2 1272//2
f 1663//338 1664//338 1272//338
f 1272//338 1664//338 1273//338
f 1664//789 1665//789 1273//789
f 1273//789 1665//789 1261//789
f 1665//2 1666//2 1261//2
f 1261//2 1666//2 1262//2
f 1666//790 1655//790 1262//790
f 1262//790 1655//790 1280//790
f 1655//3 1666//3 1665//3
f 1663//3 1662//3 1664//3
f 1664//3 1662//3 1661//3
f 1657//3 1656//3 1658//3
f 1658//3 1656//3 1655//3
f 1655//3 1665//3 1658//3
f 1658//3 1665//3 1664//3
f 1658//3 1664//3 1659//3
f 1659//3 1664//3 1661//3
f 1659//3 1661//3 1660//3
f 1667//791 1384//791 1383//792
f 1667//791 1383//792 1668//792
f 1668//793 1383//793 1382//793
f 1668//793 1382//793 1669//793
f 1669//794 1382//794 1371//794
f 1669//794 1371//794 1670//794
f 1670//795 1371//795 1370//795
f 1670//795 1370//795 1671//795
f 1671//796 1370//797 1400//796
f 1671//796 1400//796 1672//796
f 1672//798 1400//798 1399//798
f 1672//798 1399//798 1673//798
f 1673//799 1399//800 1393//799
f 1673//799 1393//799 1674//523
f 1674//801 1393//802 1394//803
f 1674//801 1394//803 1675//804
f 1675//805 1394//805 1395//805
f 1675//805 1395//805 1676//805
f 1676//806 1395//807 1403//807
f 1676//806 1403//807 1677//806
f 1677//808 1403//808 1402//808
f 1677//808 1402//808 1678//808
f 1678//809 1402//809 1401//810
f 1678//809 1401//810 1679//810
f 1667//811 1680//811 1384//811
f 1384//811 1680//811 1369//811
f 1680//127 1681//127 1369//127
f 1369//127 1681//127 1374//127
f 1681//812 1682//812 1374//812
f 1374//812 1682//812 1372//812
f 1682//127 1683//127 1372//127
f 1372//127 1683//127 1373//127
f 1683//338 1684//338 1373//338
f 1373//338 1684//338 1375//338
f 1684//127 1685//127 1375//127
f 1375//127 1685//127 1378//127
f 1685//43 1686//43 1378//43
f 1378//43 1686//43 1377//43
f 1686//2 1687//2 1377//2
f 1377//2 1687//2 1376//2
f 1688//813 1689//813 1690//813
f 1688//813 1690//813 1691//813
f 1691//814 1690//814 1692//814
f 1691//814 1692//814 1693//815
f 1693//816 1692//817 1694//816
f 1693//816 1694//816 1695//817
f 1695//818 1694//818 1696//818
f 1695//818 1696//818 1697//818
f 1697//819 1696//820 1698//821
f 1697//819 1698//821 1699//821
f 1699//822 1698//822 1700//822
f 1699//822 1700//822 1701//822
f 1701//823 1700//824 1702//823
f 1701//823 1702//823 1703//823
f 1703//825 1702//826 1704//827
f 1703//825 1704//827 1705//826
f 1705//828 1704//828 1706//828
f 1705//828 1706//828 1707//829
f 1707//830 1706//830 1708//830
f 1707//830 1708//830 1709//831
f 1709//832 1708//832 1710//833
f 1709//832 1710//833 1711//834
f 1711//835 1710//836 1712//835
f 1711//835 1712//835 1713//837
f 1713//838 1712//838 1714//838
f 1713//838 1714//838 1715//838
f 1715//839 1714//839 1716//839
f 1715//839 1716//839 1717//839
f 1717//840 1716//840 1718//840
f 1717//840 1718//840 1719//840
f 1719//841 1718//842 1720//841
f 1719//841 1720//841 1721//842
f 1721//843 1720//843 1722//843
f 1721//843 1722//843 1723//843
f 1688//127 1724//127 1689//127
f 1689//127 1724//127 1725//127
f 1724//338 1726//338 1725//338
f 1725//338 1726//338 1727//338
f 1726//2 1728//2 1727//2
f 1727//2 1728//2 1729//2
f 1723//844 1722//845 1730//844
f 1723//844 1730//844 1731//844
f 1731//846 1730//846 1732//846
f 1731//846 1732//846 1733//846
f 1733//847 1732//847 1734//847
f 1733//847 1734//847 1735//847
f 1735//848 1734//849 1736//849
f 1735//848 1736//849 1737//848
f 1737//850 1736//850 1738//850
f 1737//850 1738//850 1739//850
f 1739//851 1738//852 1740//853
f 1739//851 1740//853 1741//851
f 1741//854 1740//854 1742//854
f 1741//854 1742//854 1743//854
f 1743//855 1742//856 1744//855
f 1743//855 1744//855 1745//857
f 1745//858 1744//859 1746//858
f 1745//858 1746//858 1747//858
f 1747//860 1746//861 1748//861
f 1747//860 1748//861 1749//862
f 1749//863 1748//863 1750//864
f 1749//863 1750//864 1751//864
f 1751//865 1750//866 1752//867
f 1751//865 1752//867 1753//867
f 1753//868 1752//869 1754//869
f 1753//868 1754//869 1755//870
f 1755//871 1754//872 1756//871
f 1755//871 1756//871 1757//872
f 1757//873 1756//874 1758//873
f 1757//873 1758//873 1759//873
f 1759//875 1758//876 1760//876
f 1759//875 1760//876 1761//876
f 1761//877 1760//878 1729//877
f 1761//877 1729//877 1728//877
f 1679//879 1401//879 1405//879
f 1679//879 1405//879 1762//879
f 1762//880 1405//880 1404//880
f 1762//880 1404//880 1763//880
f 1763//881 1404//882 1398//882
f 1763//881 1398//882 1764//881
f 1764//883 1398//884 1397//885
f 1764//883 1397//885 1765//885
f 1765//886 1397//887 1396//886
f 1765//886 1396//886 1766//888
f 1766//889 1396//889 1392//889
f 1766//889 1392//889 1767//889
f 1767//890 1392//890 1391//891
f 1767//890 1391//891 1768//892
f 1768//893 1391//894 1390//893
f 1768//893 1390//893 1769//895
f 1769//418 1390//418 1381//416
f 1769//418 1381//416 1770//418
f 1770//896 1381//896 1380//896
f 1770//896 1380//896 1771//897
f 1771//898 1380//898 1379//899
f 1771//898 1379//899 1772//898
f 1772//900 1379//901 1389//901
f 1772//900 1389//901 1773//902
f 1773//903 1389//904 1388//903
f 1773//903 1388//903 1774//904
f 1774//905 1388//906 1387//905
f 1774//905 1387//905 1775//905
f 1775//907 1387//907 1386//907
f 1775//907 1386//907 1776//908
f 1776//909 1386//910 1385//909
f 1776//909 1385//909 1777//911
f 1777//912 1385//912 1376//913
f 1777//912 1376//913 1687//914
f 1743//3 1745//3 1682//3
f 1682//3 1745//3 1747//915
f 1682//3 1747//915 1683//3
f 1683//3 1747//915 1749//916
f 1683//3 1749//916 1751//915
f 1667//917 1741//3 1743//3
f 1683//3 1757//3 1759//3
f 1743//3 1682//3 1667//917
f 1667//917 1682//3 1681//3
f 1667//917 1681//3 1680//3
f 1751//915 1753//3 1683//3
f 1683//3 1753//3 1755//3
f 1683//3 1755//3 1757//3
f 1735//3 1737//3 1667//917
f 1667//917 1737//3 1739//3
f 1667//917 1739//3 1741//3
f 1759//3 1761//3 1683//3
f 1683//3 1761//3 1728//3
f 1683//3 1728//3 1726//3
f 1713//918 1715//919 1667//917
f 1667//917 1715//919 1717//920
f 1684//3 1683//3 1685//3
f 1685//3 1683//3 1726//3
f 1685//3 1726//3 1686//3
f 1686//3 1726//3 1724//3
f 1686//3 1724//3 1687//3
f 1687//3 1724//3 1688//3
f 1687//3 1688//3 1691//3
f 1691//3 1693//3 1687//3
f 1687//3 1693//3 1695//3
f 1687//3 1695//3 1777//3
f 1713//918 1762//3 1763//3
f 1717//920 1719//921 1667//917
f 1667//917 1719//921 1721//3
f 1667//917 1721//3 1723//3
f 1695//3 1697//3 1777//3
f 1777//3 1697//3 1699//3
f 1777//3 1699//3 1776//3
f 1776//3 1699//3 1701//3
f 1776//3 1701//3 1775//3
f 1775//3 1701//3 1703//3
f 1775//3 1703//3 1774//3
f 1774//3 1703//3 1705//3
f 1774//3 1705//3 1773//3
f 1773//3 1705//3 1707//3
f 1773//3 1707//3 1772//3
f 1772//3 1707//3 1709//3
f 1772//3 1709//3 1771//3
f 1771//3 1709//3 1711//3
f 1771//3 1711//3 1770//3
f 1770//3 1711//3 1713//918
f 1770//3 1713//918 1769//3
f 1723//3 1731//3 1667//917
f 1667//917 1731//3 1733//3
f 1667//917 1733//3 1735//3
f 1713//918 1673//3 1674//3
f 1674//3 1675//3 1713//918
f 1713//918 1675//3 1676//3
f 1713//918 1676//3 1677//3
f 1763//3 1764//3 1713//918
f 1713//918 1764//3 1765//3
f 1713//918 1765//3 1766//3
f 1667//917 1668//3 1713//918
f 1713//918 1668//3 1669//3
f 1713//918 1669//3 1670//3
f 1677//3 1678//3 1713//918
f 1713//918 1678//3 1679//3
f 1713//918 1679//3 1762//3
f 1766//3 1767//3 1713//918
f 1713//918 1767//3 1768//3
f 1713//918 1768//3 1769//3
f 1670//3 1671//3 1713//918
f 1713//918 1671//3 1672//3
f 1713//918 1672//3 1673//3
f 1692//3 1690//3 1730//3
f 1725//3 1727//3 1689//3
f 1689//3 1727//3 1729//3
f 1689//3 1729//3 1690//3
f 1690//3 1729//3 1760//3
f 1736//3 1734//3 1690//3
f 1690//3 1734//3 1732//3
f 1690//3 1732//3 1730//3
f 1760//3 1758//3 1690//3
f 1690//3 1758//3 1756//3
f 1690//3 1756//3 1754//3
f 1700//3 1722//3 1702//3
f 1702//3 1722//3 1720//3
f 1700//3 1698//3 1722//3
f 1722//3 1698//3 1696//3
f 1722//3 1696//3 1730//3
f 1730//3 1696//3 1694//3
f 1730//3 1694//3 1692//3
f 1742//3 1740//3 1690//3
f 1690//3 1740//3 1738//3
f 1690//3 1738//3 1736//3
f 1720//3 1718//3 1702//3
f 1702//3 1718//3 1716//3
f 1702//3 1716//3 1714//920
f 1714//920 1712//3 1702//3
f 1702//3 1712//3 1710//920
f 1702//3 1710//920 1704//3
f 1704//3 1710//920 1708//922
f 1704//3 1708//922 1706//923
f 1754//3 1752//3 1690//3
f 1690//3 1752//3 1750//3
f 1690//3 1750//3 1748//3
f 1748//3 1746//3 1690//3
f 1690//3 1746//3 1744//3
f 1690//3 1744//3 1742//3
f 1778//924 1344//925 1343//924
f 1778//924 1343//924 1779//926
f 1779//927 1343//927 1342//927
f 1779//927 1342//927 1780//928
f 1780//929 1342//930 1338//929
f 1780//929 1338//929 1781//929
f 1781//748 1338//748 1337//748
f 1781//748 1337//748 1782//748
f 1782//931 1337//932 1336//931
f 1782//931 1336//931 1783//931
f 1783//933 1336//934 1317//933
f 1783//933 1317//933 1784//935
f 1784//936 1317//937 1318//938
f 1784//936 1318//938 1785//936
f 1785//939 1318//940 1319//939
f 1785//939 1319//939 1786//941
f 1786//942 1319//943 1335//943
f 1786//942 1335//943 1787//944
f 1787//945 1335//946 1334//947
f 1787//945 1334//947 1788//947
f 1788//948 1334//949 1333//948
f 1788//948 1333//948 1789//950
f 1789//951 1333//952 1332//953
f 1789//951 1332//953 1790//954
f 1790//955 1332//956 1331//957
f 1790//955 1331//957 1791//956
f 1791//958 1331//958 1330//958
f 1791//958 1330//958 1792//958
f 1792//959 1330//959 1351//959
f 1792//959 1351//959 1793//959
f 1793//960 1351//960 1350//960
f 1793//960 1350//960 1794//960
f 1794//961 1350//961 1349//961
f 1794//961 1349//961 1795//961
f 1796//962 1315//963 1314//962
f 1796//962 1314//962 1797//962
f 1797//964 1314//964 1309//964
f 1797//964 1309//964 1798//964
f 1798//965 1309//965 1308//965
f 1798//965 1308//965 1799//965
f 1799//966 1308//967 1323//968
f 1799//966 1323//968 1800//47
f 1800//969 1323//969 1321//970
f 1800//969 1321//970 1801//969
f 1801//971 1321//972 1320//972
f 1801//971 1320//972 1802//973
f 1802//974 1320//975 1329//974
f 1802//974 1329//974 1803//976
f 1803//977 1329//977 1328//978
f 1803//977 1328//978 1804//979
f 1804//980 1328//980 1327//981
f 1804//980 1327//981 1805//980
f 1805//982 1327//983 1326//983
f 1805//982 1326//983 1806//982
f 1806//984 1326//985 1325//986
f 1806//984 1325//986 1807//987
f 1807//988 1325//989 1324//988
f 1807//988 1324//988 1808//989
f 1808//990 1324//991 1341//307
f 1808//990 1341//307 1809//307
f 1809//992 1341//993 1340//992
f 1809//992 1340//992 1810//993
f 1810//994 1340//994 1339//995
f 1810//994 1339//995 1811//994
f 1811//996 1339//997 1344//998
f 1811//996 1344//998 1778//999
f 1812//1000 1299//1000 1298//1001
f 1812//1000 1298//1001 1813//1001
f 1813//1002 1298//1002 1297//1002
f 1813//1002 1297//1002 1814//1002
f 1814//1003 1297//1003 1296//1004
f 1814//1003 1296//1004 1815//1003
f 1815//1005 1296//1005 1295//1005
f 1815//1005 1295//1005 1816//1005
f 1816//1006 1295//1007 1307//1007
f 1816//1006 1307//1007 1817//1008
f 1817//1009 1307//1009 1306//1010
f 1817//1009 1306//1010 1818//1011
f 1818//1012 1306//1013 1305//1013
f 1818//1012 1305//1013 1819//1012
f 1819//1014 1305//1014 1304//1014
f 1819//1014 1304//1014 1820//1015
f 1820//1016 1304//1017 1303//1016
f 1820//1016 1303//1016 1821//1016
f 1821//1018 1303//1018 1281//1018
f 1821//1018 1281//1018 1822//1018
f 1822//1019 1281//1020 1283//1021
f 1822//1019 1283//1021 1823//1021
f 1823//1022 1283//1023 1284//1022
f 1823//1022 1284//1022 1824//1022
f 1824//1024 1284//1025 1311//1026
f 1824//1024 1311//1026 1825//1026
f 1825//1027 1311//1028 1313//1027
f 1825//1027 1313//1027 1826//1028
f 1826//1029 1313//1030 1316//1030
f 1826//1029 1316//1030 1827//1029
f 1827//1031 1316//1031 1315//1031
f 1827//1031 1315//1031 1796//1031
f 1828//1032 1829//1033 1830//1032
f 1828//1032 1830//1032 1831//1034
f 1831//1035 1830//1035 1832//1035
f 1831//1035 1832//1035 1833//1035
f 1833//1036 1832//1036 1834//1036
f 1833//1036 1834//1036 1835//1036
f 1835//1037 1834//1038 1836//1039
f 1835//1037 1836//1039 1837//1037
f 1837//1040 1836//1041 1838//1040
f 1837//1040 1838//1040 1839//1042
f 1839//1043 1838//1044 1840//1043
f 1839//1043 1840//1043 1841//1045
f 1841//1046 1840//1047 1842//1046
f 1841//1046 1842//1046 1843//1048
f 1843//1049 1842//1050 1844//1051
f 1843//1049 1844//1051 1845//1049
f 1845//1052 1844//1052 1846//1052
f 1845//1052 1846//1052 1847//1053
f 1847//1054 1846//1055 1848//1055
f 1847//1054 1848//1055 1849//1055
f 1849//1056 1848//1056 1850//1056
f 1849//1056 1850//1056 1851//1056
f 1851//1057 1850//1057 1852//1058
f 1851//1057 1852//1058 1853//1059
f 1853//1060 1852//1061 1854//1062
f 1853//1060 1854//1062 1855//1062
f 1855//1063 1854//1064 1856//1063
f 1855//1063 1856//1063 1857//1063
f 1857//1065 1856//1065 1858//1065
f 1857//1065 1858//1065 1859//1065
f 1859//1066 1858//1067 1860//1068
f 1859//1066 1860//1068 1861//1067
f 1861//1069 1860//1069 1862//1069
f 1861//1069 1862//1069 1863//1069
f 1864//1070 1865//1071 1866//1070
f 1864//1070 1866//1070 1867//1072
f 1867//1073 1866//1073 1868//1073
f 1867//1073 1868//1073 1869//1073
f 1869//1074 1868//1075 1870//1076
f 1869//1074 1870//1076 1871//1076
f 1871//1077 1870//1078 1872//1077
f 1871//1077 1872//1077 1873//1077
f 1873//290 1872//290 1874//290
f 1873//290 1874//290 1875//290
f 1875//1079 1874//1079 1876//1079
f 1875//1079 1876//1079 1877//1079
f 1877//1080 1876//1081 1878//1080
f 1877//1080 1878//1080 1879//1080
f 1879//1082 1878//1083 1880//1082
f 1879//1082 1880//1082 1881//1084
f 1881//1085 1880//1085 1882//1085
f 1881//1085 1882//1085 1883//1085
f 1883//1086 1882//1087 1884//1086
f 1883//1086 1884//1086 1885//1088
f 1885//1089 1884//1090 1886//1089
f 1885//1089 1886//1089 1887//1089
f 1887//1091 1886//1092 1888//1091
f 1887//1091 1888//1091 1889//1093
f 1889//1094 1888//1094 1890//1094
f 1889//1094 1890//1094 1891//1094
f 1891//1007 1890//1095 1892//1007
f 1891//1007 1892//1007 1893//1096
f 1893//1097 1892//1098 1894//1099
f 1893//1097 1894//1099 1895//1100
f 1895//1101 1894//1102 1896//1101
f 1895//1101 1896//1101 1897//1103
f 1897//1104 1896//1105 1898//1106
f 1897//1104 1898//1106 1899//1107
f 1899//1108 1898//1108 1829//1108
f 1899//1108 1829//1108 1828//1108
f 1900//1109 1901//1110 1902//1109
f 1900//1109 1902//1109 1903//1111
f 1903//1112 1902//1113 1904//1112
f 1903//1112 1904//1112 1905//1112
f 1905//1114 1904//1115 1906//1114
f 1905//1114 1906//1114 1907//1116
f 1907//1117 1906//1117 1908//1118
f 1907//1117 1908//1118 1909//1118
f 1909//1119 1908//1120 1910//1119
f 1909//1119 1910//1119 1911//1121
f 1911//1122 1910//1122 1912//1123
f 1911//1122 1912//1123 1913//1124
f 1913//1125 1912//1126 1914//1125
f 1913//1125 1914//1125 1915//1127
f 1915//1128 1914//1129 1916//1128
f 1915//1128 1916//1128 1917//1130
f 1917//1131 1916//1131 1918//1131
f 1917//1131 1918//1131 1919//1131
f 1919//1132 1918//1133 1920//1132
f 1919//1132 1920//1132 1921//1134
f 1921//1135 1920//1135 1922//1135
f 1921//1135 1922//1135 1923//1135
f 1923//1136 1922//1137 1924//1136
f 1923//1136 1924//1136 1925//1138
f 1925//1139 1924//1139 1926//1140
f 1925//1139 1926//1140 1927//1140
f 1927//1141 1926//1142 1928//1142
f 1927//1141 1928//1142 1929//1141
f 1929//1143 1928//1143 1930//1143
f 1929//1143 1930//1143 1931//1143
f 1931//1144 1930//1145 1932//1144
f 1931//1144 1932//1144 1933//1146
f 1933//1147 1932//1148 1865//1147
f 1933//1147 1865//1147 1864//1149
f 1863//1150 1862//1150 1934//1150
f 1863//1150 1934//1150 1935//1151
f 1935//1152 1934//1153 1936//1154
f 1935//1152 1936//1154 1937//1154
f 1937//1155 1936//1155 1938//1155
f 1937//1155 1938//1155 1939//1155
f 1939//1156 1938//1157 1940//1157
f 1939//1156 1940//1157 1941//1158
f 1941//1159 1940//1159 1942//1159
f 1941//1159 1942//1159 1943//1159
f 1943//1160 1942//1161 1944//1161
f 1943//1160 1944//1161 1945//1162
f 1945//1163 1944//1164 1946//1165
f 1945//1163 1946//1165 1947//1165
f 1947//1166 1946//1167 1948//1166
f 1947//1166 1948//1166 1949//1168
f 1949//1169 1948//1170 1950//1169
f 1949//1169 1950//1169 1951//1171
f 1951//758 1950//758 1952//758
f 1951//758 1952//758 1953//1172
f 1953//1173 1952//1174 1954//1173
f 1953//1173 1954//1173 1955//1173
f 1955//1175 1954//1176 1956//1175
f 1955//1175 1956//1175 1957//1177
f 1957//1178 1956//1179 1958//1178
f 1957//1178 1958//1178 1959//1180
f 1959//1181 1958//1181 1960//1181
f 1959//1181 1960//1181 1961//1181
f 1961//1182 1960//1182 1962//1182
f 1961//1182 1962//1182 1963//1183
f 1963//1184 1962//1185 1964//1185
f 1963//1184 1964//1185 1965//1184
f 1965//1186 1964//1187 1901//1186
f 1965//1186 1901//1186 1900//1188
f 1795//1189 1349//1189 1348//1189
f 1795//1189 1348//1189 1966//1189
f 1966//1190 1348//1191 1346//1190
f 1966//1190 1346//1190 1967//1190
f 1967//1192 1346//1192 1345//1193
f 1967//1192 1345//1193 1968//1194
f 1968//1195 1345//1195 1291//1196
f 1968//1195 1291//1196 1969//1195
f 1969//1197 1291//1198 1290//1198
f 1969//1197 1290//1198 1970//1197
f 1970//1199 1290//1200 1289//1199
f 1970//1199 1289//1199 1971//1199
f 1971//1201 1289//1202 1288//1203
f 1971//1201 1288//1203 1972//1204
f 1972//1205 1288//1206 1302//1207
f 1972//1205 1302//1207 1973//1208
f 1973//1209 1302//1210 1301//1210
f 1973//1209 1301//1210 1974//1211
f 1974//1212 1301//1212 1287//1212
f 1974//1212 1287//1212 1975//1212
f 1975//1213 1287//1213 1286//1213
f 1975//1213 1286//1213 1976//1214
f 1976//1215 1286//1216 1294//1217
f 1976//1215 1294//1217 1977//1215
f 1977//1218 1294//1219 1293//1218
f 1977//1218 1293//1218 1978//1219
f 1978//1220 1293//1220 1292//1220
f 1978//1220 1292//1220 1979//1220
f 1979//1221 1292//1222 1300//1221
f 1979//1221 1300//1221 1980//1223
f 1980//1224 1300//1225 1299//1226
f 1980//1224 1299//1226 1812//1224
f 1891//3 1893//3 1782//3
f 1965//3 1812//3 1963//3
f 1963//3 1812//3 1813//3
f 1963//3 1813//3 1961//3
f 1965//3 1900//3 1812//3
f 1812//3 1900//3 1903//3
f 1812//3 1903//3 1980//3
f 1980//3 1903//3 1905//3
f 1980//3 1905//3 1979//3
f 1905//3 1907//3 1979//3
f 1979//3 1907//3 1909//3
f 1979//3 1909//3 1978//3
f 1978//3 1909//3 1911//3
f 1978//3 1911//3 1977//3
f 1778//3 1831//3 1811//3
f 1811//3 1831//3 1833//3
f 1811//3 1833//3 1810//3
f 1961//3 1813//3 1959//3
f 1959//3 1813//3 1814//3
f 1959//3 1814//3 1957//3
f 1957//3 1814//3 1815//3
f 1957//3 1815//3 1955//3
f 1955//3 1815//3 1816//3
f 1955//3 1816//3 1953//3
f 1911//3 1913//3 1977//3
f 1977//3 1913//3 1915//3
f 1977//3 1915//3 1976//3
f 1976//3 1915//3 1917//3
f 1976//3 1917//3 1975//3
f 1975//3 1917//3 1919//3
f 1975//3 1919//3 1974//3
f 1974//3 1919//3 1921//3
f 1974//3 1921//3 1973//3
f 1973//3 1921//3 1923//3
f 1973//3 1923//3 1972//3
f 1972//3 1923//3 1925//3
f 1972//3 1925//3 1971//3
f 1971//3 1925//3 1927//3
f 1971//3 1927//3 1970//3
f 1970//3 1927//3 1929//3
f 1970//3 1929//3 1969//3
f 1969//3 1929//3 1931//3
f 1782//3 1893//3 1781//3
f 1781//3 1893//3 1895//3
f 1781//3 1895//3 1780//3
f 1780//3 1895//3 1897//3
f 1780//3 1897//3 1779//3
f 1779//3 1897//3 1899//3
f 1779//3 1899//3 1778//3
f 1778//3 1899//3 1828//3
f 1778//3 1828//3 1831//3
f 1941//3 1823//3 1939//3
f 1939//3 1823//3 1824//3
f 1939//3 1824//3 1937//3
f 1891//3 1782//3 1889//3
f 1889//3 1782//3 1783//3
f 1889//3 1783//3 1887//3
f 1887//3 1783//3 1784//3
f 1887//3 1784//3 1885//3
f 1885//3 1784//3 1785//3
f 1885//3 1785//3 1883//3
f 1883//3 1785//3 1786//3
f 1883//3 1786//3 1881//3
f 1881//3 1786//3 1787//3
f 1881//3 1787//3 1879//3
f 1879//3 1787//3 1788//3
f 1879//3 1788//3 1877//3
f 1877//3 1788//3 1789//3
f 1877//3 1789//3 1875//3
f 1875//3 1789//3 1790//3
f 1875//3 1790//3 1873//3
f 1873//3 1790//3 1791//3
f 1873//3 1791//3 1871//3
f 1871//3 1791//3 1792//3
f 1871//3 1792//3 1869//3
f 1824//3 1825//3 1937//3
f 1937//3 1825//3 1826//3
f 1937//3 1826//3 1935//3
f 1935//3 1826//3 1827//3
f 1935//3 1827//3 1863//3
f 1953//3 1816//3 1951//3
f 1951//3 1816//3 1817//3
f 1951//3 1817//3 1949//3
f 1949//3 1817//3 1818//3
f 1949//3 1818//3 1947//3
f 1947//3 1818//3 1819//3
f 1947//3 1819//3 1945//3
f 1945//3 1819//3 1820//3
f 1945//3 1820//3 1943//3
f 1943//3 1820//3 1821//3
f 1943//3 1821//3 1941//3
f 1941//3 1821//3 1822//3
f 1941//3 1822//3 1823//3
f 1808//3 1843//3 1807//3
f 1807//3 1843//3 1845//3
f 1807//3 1845//3 1806//3
f 1806//3 1845//3 1847//3
f 1806//3 1847//3 1805//3
f 1805//3 1847//3 1849//3
f 1805//3 1849//3 1804//3
f 1804//3 1849//3 1851//3
f 1804//3 1851//3 1803//3
f 1803//3 1851//3 1853//3
f 1803//3 1853//3 1802//3
f 1802//3 1853//3 1855//3
f 1802//3 1855//3 1801//3
f 1801//3 1855//3 1857//3
f 1801//3 1857//3 1800//3
f 1800//3 1857//3 1859//3
f 1792//3 1793//3 1869//3
f 1869//3 1793//3 1794//3
f 1869//3 1794//3 1867//3
f 1867//3 1794//3 1795//3
f 1867//3 1795//3 1864//3
f 1864//3 1795//3 1966//3
f 1864//3 1966//3 1933//3
f 1933//3 1966//3 1967//3
f 1933//3 1967//3 1931//3
f 1931//3 1967//3 1968//3
f 1931//3 1968//3 1969//3
f 1833//3 1835//3 1810//3
f 1810//3 1835//3 1837//3
f 1810//3 1837//3 1809//3
f 1809//3 1837//3 1839//3
f 1809//3 1839//3 1808//3
f 1808//3 1839//3 1841//3
f 1808//3 1841//3 1843//3
f 1827//3 1796//3 1863//3
f 1863//3 1796//3 1797//3
f 1863//3 1797//3 1861//3
f 1861//3 1797//3 1798//3
f 1861//3 1798//3 1859//3
f 1859//3 1798//3 1799//3
f 1859//3 1799//3 1800//3
f 1934//3 1862//3 1901//3
f 1866//3 1865//3 1862//3
f 1901//3 1862//3 1902//3
f 1896//3 1894//3 1860//3
f 1866//3 1862//3 1868//3
f 1868//3 1862//3 1860//3
f 1868//3 1860//3 1870//3
f 1865//3 1932//3 1862//3
f 1862//3 1932//3 1930//3
f 1862//3 1930//3 1928//3
f 1901//3 1964//3 1934//3
f 1934//3 1964//3 1962//3
f 1934//3 1962//3 1960//3
f 1830//3 1858//3 1856//3
f 1896//3 1860//3 1898//3
f 1894//3 1892//3 1860//3
f 1860//3 1892//3 1890//3
f 1860//3 1890//3 1888//3
f 1888//3 1886//3 1860//3
f 1860//3 1886//3 1884//3
f 1860//3 1884//3 1882//3
f 1876//3 1874//3 1860//3
f 1860//3 1874//3 1872//3
f 1860//3 1872//3 1870//3
f 1948//920 1946//3 1944//3
f 1940//3 1938//3 1954//3
f 1954//3 1938//3 1936//3
f 1954//3 1936//3 1934//3
f 1858//3 1830//3 1860//3
f 1860//3 1830//3 1829//3
f 1860//3 1829//3 1898//3
f 1882//3 1880//3 1860//3
f 1860//3 1880//3 1878//3
f 1860//3 1878//3 1876//3
f 1862//3 1910//3 1908//3
f 1960//3 1958//3 1934//3
f 1934//3 1958//3 1956//3
f 1934//3 1956//3 1954//3
f 1840//3 1838//3 1852//3
f 1852//3 1838//3 1836//920
f 1852//3 1836//920 1834//3
f 1940//3 1954//3 1942//3
f 1942//3 1954//3 1952//3
f 1942//3 1952//3 1944//3
f 1944//3 1952//3 1950//920
f 1944//3 1950//920 1948//920
f 1848//3 1846//915 1850//3
f 1850//3 1846//915 1844//920
f 1850//3 1844//920 1852//3
f 1852//3 1844//920 1842//3
f 1852//3 1842//3 1840//3
f 1856//3 1854//3 1830//3
f 1830//3 1854//3 1852//3
f 1830//3 1852//3 1832//3
f 1832//3 1852//3 1834//3
f 1928//3 1926//3 1862//3
f 1862//3 1926//3 1924//3
f 1862//3 1924//3 1922//3
f 1908//3 1906//3 1862//3
f 1862//3 1906//3 1904//3
f 1862//3 1904//3 1902//3
f 1922//3 1920//3 1862//3
f 1862//3 1920//3 1918//3
f 1862//3 1918//3 1916//3
f 1916//3 1914//3 1862//3
f 1862//3 1914//3 1912//3
f 1862//3 1912//3 1910//3
f 1981//338 1982//338 1358//338
f 1358//338 1982//338 1361//338
f 1982//127 1983//127 1361//127
f 1361//127 1983//127 1363//127
f 1983//338 1984//338 1363//338
f 1363//338 1984//338 1364//338
f 1984//127 1985//127 1364//127
f 1364//127 1985//127 1365//127
f 1985//43 1986//43 1365//43
f 1365//43 1986//43 1366//43
f 1986//2 1987//2 1366//2
f 1366//2 1987//2 1360//2
f 1987//338 1988//338 1360//338
f 1360//338 1988//338 1357//338
f 1988//127 1989//127 1357//127
f 1357//127 1989//127 1355//127
f 1989//338 1990//338 1355//338
f 1355//338 1990//338 1356//338
f 1990//2 1981//2 1356//2
f 1356//2 1981//2 1358//2
f 1982//3 1981//3 1983//3
f 1983//3 1981//3 1990//3
f 1988//3 1987//3 1989//3
f 1989//3 1987//3 1986//3
f 1989//3 1986//3 1990//3
f 1990//3 1986//3 1985//3
f 1990//3 1985//3 1983//3
f 1983//3 1985//3 1984//3
f 1991//2 1992//2 927//2
f 927//2 1992//2 928//2
f 1992//1227 1993//1227 928//1227
f 928//1227 1993//1227 1052//1227
f 1993//43 1994//43 1052//43
f 1052//43 1994//43 1051//43
f 1994//127 1995//127 1051//127
f 1051//127 1995//127 923//127
f 1995//338 1996//338 923//338
f 923//338 1996//338 924//338
f 924//1228 1996//1229 925//1229
f 925//1229 1996//1229 1997//1230
f 925//1229 1997//1230 933//1228
f 1998//2 931//2 1997//2
f 1997//2 931//2 932//2
f 1997//2 932//2 933//2
f 1998//1231 1999//1231 931//1231
f 931//1231 1999//1231 930//1231
f 1999//1232 1991//1232 930//1232
f 930//1232 1991//1232 927//1232
f 1998//1 1997//1 1999//1
f 1999//1 1997//1 1996//1
f 1992//1 1991//1 1993//1
f 1993//1 1991//1 1999//1
f 1993//1 1999//1 1994//1
f 1994//1 1999//1 1996//1
f 1994//1 1996//1 1995//1
f 1063//1233 2000//1233 1057//1234
f 1057//1234 2000//1233 2001//1234
f 1057//1234 2001//1234 920//1235
f 920//127 2001//127 921//127
f 921//127 2001//127 2002//127
f 921//127 2002//127 936//127
f 2002//1236 2003//1236 936//1236
f 936//1236 2003//1236 934//1236
f 2003//1237 2004//1237 934//1237
f 934//1237 2004//1237 935//1237
f 2004//43 2005//43 935//43
f 935//43 2005//43 937//43
f 2005//127 2006//127 937//127
f 937//127 2006//127 940//127
f 2006//338 2007//338 940//338
f 940//338 2007//338 938//338
f 2007//2 2008//2 938//2
f 938//2 2008//2 944//2
f 2008//43 2009//43 944//43
f 944//43 2009//43 945//43
f 2009//1238 2010//1238 945//1238
f 945//1238 2010//1238 943//1238
f 2010//2 2011//2 943//2
f 943//2 2011//2 941//2
f 2011//1239 2000//1239 941//1239
f 941//1239 2000//1239 1063//1239
f 2000//1 2011//1 2010//1
f 2008//1 2007//1 2009//1
f 2009//1 2007//1 2006//1
f 2002//1 2001//1 2003//1
f 2003//1 2001//1 2000//1
f 2000//1 2010//1 2003//1
f 2003//1 2010//1 2009//1
f 2003//1 2009//1 2004//1
f 2004//1 2009//1 2006//1
f 2004//1 2006//1 2005//1
f 2012//1240 961//1240 960//1241
f 2012//1240 960//1241 2013//1241
f 2013//1242 960//1242 959//1242
f 2013//1242 959//1242 2014//1242
f 2014//339 959//339 955//1243
f 2014//339 955//1243 2015//1243
f 2015//1244 955//1244 954//1244
f 2015//1244 954//1244 2016//1244
f 2016//1245 954//1245 978//1245
f 2016//1245 978//1245 2017//1245
f 2017//1246 978//1246 977//1246
f 2017//1246 977//1246 2018//1246
f 2018//1247 977//1248 976//1248
f 2018//1247 976//1248 2019//1249
f 2019//1250 976//1251 975//1251
f 2019//1250 975//1251 2020//1251
f 2020//1252 975//1252 974//1252
f 2020//1252 974//1252 2021//1252
f 2021//1253 974//1254 958//1254
f 2021//1253 958//1254 2022//1255
f 2022//1256 958//1257 957//1256
f 2022//1256 957//1256 2023//1256
f 2023//1258 957//1259 956//1259
f 2023//1258 956//1259 2024//1258
f 2012//1260 2025//1260 961//1260
f 961//1260 2025//1260 953//1260
f 2025//127 2026//127 953//127
f 953//127 2026//127 946//127
f 2026//1261 2027//1261 946//1261
f 946//1261 2027//1261 947//1261
f 2027//127 2028//127 947//127
f 947//127 2028//127 948//127
f 2028//43 2029//43 948//43
f 948//43 2029//43 949//43
f 949//127 2029//127 987//127
f 987//127 2029//127 2030//127
f 987//127 2030//127 985//127
f 2030//338 2031//338 985//338
f 985//338 2031//338 983//338
f 983//2 2031//2 982//2
f 982//2 2031//2 2032//2
f 982//2 2032//2 962//2
f 2033//1262 2034//1263 2035//1262
f 2033//1262 2035//1262 2036//1264
f 2036//1265 2035//1266 2037//1266
f 2036//1265 2037//1266 2038//1267
f 2038//1268 2037//1269 2039//1269
f 2038//1268 2039//1269 2040//1270
f 2040//1271 2039//1272 2041//1271
f 2040//1271 2041//1271 2042//1272
f 2042//1273 2041//1274 2043//1275
f 2042//1273 2043//1275 2044//1275
f 2044//1276 2043//1276 2045//1276
f 2044//1276 2045//1276 2046//1276
f 2046//1277 2045//1278 2047//1279
f 2046//1277 2047//1279 2048//1280
f 2048//1281 2047//1281 2049//1281
f 2048//1281 2049//1281 2050//1282
f 2050//1283 2049//1284 2051//1283
f 2050//1283 2051//1283 2052//1285
f 2052//1286 2051//1286 2053//1286
f 2052//1286 2053//1286 2054//1287
f 2054//1288 2053//1289 2055//1288
f 2054//1288 2055//1288 2056//1290
f 2056//1291 2055//1291 2057//1291
f 2056//1291 2057//1291 2058//1291
f 2058//1292 2057//956 2059//1293
f 2058//1292 2059//1293 2060//1292
f 2060//1294 2059//1294 2061//1294
f 2060//1294 2061//1294 2062//1294
f 2062//1295 2061//1295 2063//1295
f 2062//1295 2063//1295 2064//1295
f 2064//1296 2063//1296 2065//1296
f 2064//1296 2065//1296 2066//1296
f 2066//1297 2065//1297 2067//1298
f 2066//1297 2067//1298 2068//1297
f 2033//127 2069//127 2034//127
f 2034//127 2069//127 2070//127
f 2069//43 2071//43 2070//43
f 2070//43 2071//43 2072//43
f 2071//2 2073//2 2072//2
f 2072//2 2073//2 2074//2
f 2068//1299 2067//1299 2075//1299
f 2068//1299 2075//1299 2076//1299
f 2076//1300 2075//1300 2077//1301
f 2076//1300 2077//1301 2078//1300
f 2078//1302 2077//1303 2079//1303
f 2078//1302 2079//1303 2080//1302
f 2080//1304 2079//1305 2081//1305
f 2080//1304 2081//1305 2082//1306
f 2082//1307 2081//1307 2083//1307
f 2082//1307 2083//1307 2084//1307
f 2084//1308 2083//1309 2085//1310
f 2084//1308 2085//1310 2086//1310
f 2086//1311 2085//1312 2087//1311
f 2086//1311 2087//1311 2088//1313
f 2088//1314 2087//1315 2089//1314
f 2088//1314 2089//1314 2090//1316
f 2090//1317 2089//1317 2091//1317
f 2090//1317 2091//1317 2092//1318
f 2092//1319 2091//1320 2093//1321
f 2092//1319 2093//1321 2094//1322
f 2094//1323 2093//1324 2095//1324
f 2094//1323 2095//1324 2096//1323
f 2096//1325 2095//1326 2097//1325
f 2096//1325 2097//1325 2098//1325
f 2098//1327 2097//1328 2099//1329
f 2098//1327 2099//1329 2100//1330
f 2100//1331 2099//1331 2101//1331
f 2100//1331 2101//1331 2102//1332
f 2102//1333 2101//1333 2103//1334
f 2102//1333 2103//1334 2104//1333
f 2104//1335 2103//1336 2105//1337
f 2104//1335 2105//1337 2106//1338
f 2106//1339 2105//1339 2074//1340
f 2106//1339 2074//1340 2073//1341
f 2024//1342 956//1342 981//1342
f 2024//1342 981//1342 2107//1343
f 2107//1344 981//1344 980//1344
f 2107//1344 980//1344 2108//1344
f 2108//1345 980//1345 979//1345
f 2108//1345 979//1345 2109//1345
f 2109//1346 979//1347 973//1347
f 2109//1346 973//1347 2110//1348
f 2110//1349 973//1349 972//1349
f 2110//1349 972//1349 2111//1349
f 2111//1350 972//1350 971//1351
f 2111//1350 971//1351 2112//1351
f 2112//1352 971//1353 970//1354
f 2112//1352 970//1354 2113//1355
f 2113//1356 970//1357 969//1357
f 2113//1356 969//1357 2114//1358
f 2114//1359 969//1360 968//1359
f 2114//1359 968//1359 2115//1359
f 2115//1361 968//1362 951//1363
f 2115//1361 951//1363 2116//1361
f 2116//1364 951//1364 950//1364
f 2116//1364 950//1364 2117//1364
f 2117//1365 950//1366 967//1365
f 2117//1365 967//1365 2118//1365
f 2118//1367 967//1368 966//1368
f 2118//1367 966//1368 2119//1369
f 2119//1370 966//1370 965//1370
f 2119//1370 965//1370 2120//1370
f 2120//1371 965//1371 964//1372
f 2120//1371 964//1372 2121//1373
f 2121//1374 964//1375 963//1374
f 2121//1374 963//1374 2122//1375
f 2122//1376 963//1377 962//1376
f 2122//1376 962//1376 2032//1378
f 2030//1 2029//1 2031//1
f 2031//1 2029//1 2028//1
f 2027//1 2026//1 2073//1
f 2012//1 2013//1 2090//1
f 2090//1 2013//1 2088//1
f 2088//1 2013//1 2014//1
f 2088//1 2014//1 2086//1
f 2012//1 2102//1 2104//1
f 2014//1 2015//1 2086//1
f 2086//1 2015//1 2016//1
f 2086//1 2016//1 2084//469
f 2090//1 2092//1 2012//1
f 2012//1 2092//1 2094//1
f 2012//1 2094//1 2096//1
f 2026//1 2025//1 2073//1
f 2073//1 2025//1 2012//1
f 2073//1 2012//1 2106//1
f 2106//1 2012//1 2104//1
f 2027//1 2073//1 2028//1
f 2028//1 2073//1 2071//1
f 2028//1 2071//1 2031//1
f 2031//1 2071//1 2069//1
f 2031//1 2069//1 2032//1
f 2032//1 2069//1 2033//1
f 2032//1 2033//1 2036//1
f 2036//1 2038//1 2032//1
f 2032//1 2038//1 2040//1
f 2032//1 2040//1 2122//1
f 2016//1 2017//1 2084//469
f 2084//469 2017//1 2018//1
f 2084//469 2018//1 2082//469
f 2096//1 2098//1 2012//1
f 2012//1 2098//1 2100//1
f 2012//1 2100//1 2102//1
f 2062//1 2112//1 2060//469
f 2060//469 2112//1 2113//1
f 2060//469 2113//1 2058//1
f 2040//1 2042//1 2122//1
f 2122//1 2042//1 2044//1
f 2122//1 2044//1 2121//1
f 2121//1 2044//1 2046//1
f 2121//1 2046//1 2120//1
f 2120//1 2046//1 2048//1
f 2120//1 2048//1 2119//1
f 2119//1 2048//1 2050//1
f 2119//1 2050//1 2118//1
f 2118//1 2050//1 2052//1
f 2118//1 2052//1 2117//1
f 2117//1 2052//1 2054//1
f 2117//1 2054//1 2116//1
f 2116//1 2054//1 2056//1
f 2116//1 2056//1 2115//1
f 2115//1 2056//1 2058//1
f 2115//1 2058//1 2114//1
f 2114//1 2058//1 2113//1
f 2066//1 2109//1 2064//1379
f 2064//1379 2109//1 2110//1
f 2064//1379 2110//1 2062//1
f 2062//1 2110//1 2111//1
f 2062//1 2111//1 2112//1
f 2068//469 2107//1 2066//1
f 2066//1 2107//1 2108//1
f 2066//1 2108//1 2109//1
f 2018//1 2019//1 2082//469
f 2082//469 2019//1 2020//1
f 2082//469 2020//1 2080//1
f 2080//1 2020//1 2021//1
f 2080//1 2021//1 2078//1
f 2078//1 2021//1 2022//1
f 2078//1 2022//1 2076//469
f 2076//469 2022//1 2023//1
f 2076//469 2023//1 2068//469
f 2068//469 2023//1 2024//1
f 2068//469 2024//1 2107//1
f 2037//1 2035//1 2075//1
f 2070//1 2072//1 2034//1
f 2034//1 2072//1 2074//1
f 2034//1 2074//1 2035//1
f 2035//1 2074//1 2105//1
f 2081//1 2079//1 2035//1
f 2035//1 2079//1 2077//1
f 2035//1 2077//1 2075//1
f 2105//1 2103//1 2035//1
f 2035//1 2103//1 2101//1
f 2035//1 2101//1 2099//1
f 2045//1 2067//1 2047//1
f 2047//1 2067//1 2065//1
f 2045//1 2043//1 2067//1
f 2067//1 2043//1 2041//1
f 2067//1 2041//1 2075//1
f 2075//1 2041//1 2039//1
f 2075//1 2039//1 2037//1
f 2087//1 2085//1 2035//1
f 2035//1 2085//1 2083//1
f 2035//1 2083//1 2081//1
f 2065//1 2063//1 2047//1
f 2047//1 2063//1 2061//469
f 2047//1 2061//469 2059//1
f 2059//1 2057//1 2047//1
f 2047//1 2057//1 2055//469
f 2047//1 2055//469 2049//1
f 2049//1 2055//469 2053//1379
f 2049//1 2053//1379 2051//1380
f 2099//1 2097//1 2035//1
f 2035//1 2097//1 2095//1
f 2035//1 2095//1 2093//1
f 2093//1 2091//1 2035//1
f 2035//1 2091//1 2089//1
f 2035//1 2089//1 2087//1
f 2123//1381 1049//1382 1048//1381
f 2123//1381 1048//1381 2124//1383
f 2124//1384 1048//1385 1047//1384
f 2124//1384 1047//1384 2125//1386
f 2125//1387 1047//1388 1041//1387
f 2125//1387 1041//1387 2126//1387
f 2126//1389 1041//1390 1040//1391
f 2126//1389 1040//1391 2127//739
f 2127//1392 1040//1392 1039//1393
f 2127//1392 1039//1393 2128//1392
f 2128//1394 1039//1395 1023//1396
f 2128//1394 1023//1396 2129//1396
f 2129//1397 1023//1398 1024//1399
f 2129//1397 1024//1399 2130//1400
f 2130//1401 1024//1402 1025//1401
f 2130//1401 1025//1401 2131//1403
f 2131//1404 1025//1405 1046//1405
f 2131//1404 1046//1405 2132//1406
f 2132//1407 1046//1407 1045//1407
f 2132//1407 1045//1407 2133//1407
f 2133//1408 1045//1409 1038//1408
f 2133//1408 1038//1408 2134//1410
f 2134//1411 1038//1412 1037//1411
f 2134//1411 1037//1411 2135//1413
f 2135//1414 1037//1414 1036//1414
f 2135//1414 1036//1414 2136//1414
f 2136//1415 1036//1415 1035//1415
f 2136//1415 1035//1415 2137//1416
f 2137//1417 1035//1418 1034//1417
f 2137//1417 1034//1417 2138//1417
f 2138//1419 1034//1419 1033//1419
f 2138//1419 1033//1419 2139//1419
f 2139//1420 1033//1420 1032//1420
f 2139//1420 1032//1420 2140//1420
f 2141//1421 1016//1421 1065//1422
f 2141//1421 1065//1422 2142//1422
f 2142//1423 1065//1423 1064//1423
f 2142//1423 1064//1423 2143//1423
f 2143//1424 1064//1425 1022//1424
f 2143//1424 1022//1424 2144//1425
f 2144//378 1022//1426 1021//525
f 2144//378 1021//525 2145//525
f 2145//1427 1021//1427 918//1427
f 2145//1427 918//1427 2146//1428
f 2146//1429 918//1430 917//1430
f 2146//1429 917//1430 2147//1431
f 2147//1432 917//1432 1031//1433
f 2147//1432 1031//1433 2148//1434
f 2148//1435 1031//1436 1030//1436
f 2148//1435 1030//1436 2149//1436
f 2149//1437 1030//1437 1029//1437
f 2149//1437 1029//1437 2150//1437
f 2150//1438 1029//1438 1028//1438
f 2150//1438 1028//1438 2151//1439
f 2151//1440 1028//1441 1027//1442
f 2151//1440 1027//1442 2152//1440
f 2152//1443 1027//1444 1026//1443
f 2152//1443 1026//1443 2153//1443
f 2153//11 1026//10 1044//11
f 2153//11 1044//11 2154//11
f 2154//1445 1044//1446 1043//1445
f 2154//1445 1043//1445 2155//1447
f 2155//1448 1043//1448 1042//1449
f 2155//1448 1042//1449 2156//1448
f 2156//1450 1042//1451 1049//1452
f 2156//1450 1049//1452 2123//1451
f 2157//1453 1004//1454 1003//1455
f 2157//1453 1003//1455 2158//1456
f 2158//1457 1003//1457 1002//1458
f 2158//1457 1002//1458 2159//1457
f 2159//1459 1002//1460 1001//1461
f 2159//1459 1001//1461 2160//1459
f 2160//585 1001//584 1000//583
f 2160//585 1000//583 2161//584
f 2161//1462 1000//1463 1015//1464
f 2161//1462 1015//1464 2162//1464
f 2162//1465 1015//1466 1014//1465
f 2162//1465 1014//1465 2163//1467
f 2163//1468 1014//1468 1011//1468
f 2163//1468 1011//1468 2164//1469
f 2164//1470 1011//1471 1010//1472
f 2164//1470 1010//1472 2165//1470
f 2165//1473 1010//1474 1009//1473
f 2165//1473 1009//1473 2166//1473
f 2166//1475 1009//1475 991//1476
f 2166//1475 991//1476 2167//1475
f 2167//1477 991//1478 989//1478
f 2167//1477 989//1478 2168//1479
f 2168//1480 989//1480 988//1480
f 2168//1480 988//1480 2169//1481
f 2169//1482 988//1482 1020//1482
f 2169//1482 1020//1482 2170//1482
f 2170//1483 1020//1484 1019//1485
f 2170//1483 1019//1485 2171//1486
f 2171//1487 1019//1488 1017//1488
f 2171//1487 1017//1488 2172//1487
f 2172//1489 1017//1489 1016//1489
f 2172//1489 1016//1489 2141//1489
f 2173//1490 2174//1491 2175//1490
f 2173//1490 2175//1490 2176//1492
f 2176//1493 2175//1493 2177//1493
f 2176//1493 2177//1493 2178//1493
f 2178//1494 2177//1494 2179//1494
f 2178//1494 2179//1494 2180//1494
f 2180//1495 2179//1495 2181//1495
f 2180//1495 2181//1495 2182//1496
f 2182//1497 2181//1498 2183//1497
f 2182//1497 2183//1497 2184//1499
f 2184//1500 2183//1501 2185//1500
f 2184//1500 2185//1500 2186//1502
f 2186//1503 2185//1503 2187//1503
f 2186//1503 2187//1503 2188//1504
f 2188//1505 2187//1506 2189//1506
f 2188//1505 2189//1506 2190//1507
f 2190//1508 2189//1508 2191//1508
f 2190//1508 2191//1508 2192//1509
f 2192//1510 2191//1511 2193//1512
f 2192//1510 2193//1512 2194//1513
f 2194//1514 2193//1515 2195//1514
f 2194//1514 2195//1514 2196//1516
f 2196//1517 2195//1518 2197//1517
f 2196//1517 2197//1517 2198//1517
f 2198//1519 2197//1520 2199//1519
f 2198//1519 2199//1519 2200//1521
f 2200//1522 2199//1523 2201//1522
f 2200//1522 2201//1522 2202//1522
f 2202//1524 2201//1524 2203//1524
f 2202//1524 2203//1524 2204//1524
f 2204//1525 2203//1525 2205//1525
f 2204//1525 2205//1525 2206//1525
f 2206//1526 2205//1526 2207//1526
f 2206//1526 2207//1526 2208//1526
f 2209//1527 2210//1528 2211//1527
f 2209//1527 2211//1527 2212//1528
f 2212//1529 2211//1529 2213//1529
f 2212//1529 2213//1529 2214//1529
f 2214//1530 2213//1531 2215//1532
f 2214//1530 2215//1532 2216//1532
f 2216//1533 2215//1534 2217//1533
f 2216//1533 2217//1533 2218//1535
f 2218//598 2217//598 2219//598
f 2218//598 2219//598 2220//598
f 2220//1536 2219//1537 2221//1538
f 2220//1536 2221//1538 2222//1538
f 2222//1539 2221//1539 2223//1539
f 2222//1539 2223//1539 2224//1539
f 2224//1540 2223//1541 2225//1540
f 2224//1540 2225//1540 2226//1540
f 2226//1542 2225//1543 2227//1542
f 2226//1542 2227//1542 2228//1544
f 2228//1545 2227//1545 2229//1545
f 2228//1545 2229//1545 2230//1545
f 2230//1546 2229//1547 2231//1547
f 2230//1546 2231//1547 2232//1548
f 2232//1549 2231//1550 2233//1549
f 2232//1549 2233//1549 2234//1551
f 2234//1552 2233//1553 2235//1553
f 2234//1552 2235//1553 2236//1554
f 2236//1555 2235//1556 2237//1555
f 2236//1555 2237//1555 2238//1556
f 2238//1557 2237//1558 2239//1557
f 2238//1557 2239//1557 2240//1557
f 2240//1559 2239//1560 2241//1559
f 2240//1559 2241//1559 2242//1561
f 2242//1562 2241//1563 2243//1564
f 2242//1562 2243//1564 2244//1565
f 2244//1566 2243//1566 2174//1566
f 2244//1566 2174//1566 2173//1566
f 2245//1567 2246//1567 2247//1567
f 2245//1567 2247//1567 2248//1567
f 2248//1568 2247//1569 2249//1570
f 2248//1568 2249//1570 2250//1568
f 2250//1571 2249//1571 2251//1571
f 2250//1571 2251//1571 2252//1571
f 2252//1572 2251//1573 2253//1572
f 2252//1572 2253//1572 2254//1574
f 2254//1575 2253//1576 2255//1575
f 2254//1575 2255//1575 2256//1577
f 2256//1578 2255//1579 2257//1579
f 2256//1578 2257//1579 2258//1580
f 2258//1581 2257//1581 2259//1582
f 2258//1581 2259//1582 2260//1581
f 2260//1583 2259//1584 2261//1583
f 2260//1583 2261//1583 2262//1585
f 2262//1586 2261//1586 2263//1586
f 2262//1586 2263//1586 2264//1586
f 2264//1587 2263//1587 2265//1587
f 2264//1587 2265//1587 2266//1587
f 2266//1588 2265//1589 2267//1589
f 2266//1588 2267//1589 2268//1588
f 2268//1590 2267//1591 2269//1591
f 2268//1590 2269//1591 2270//1590
f 2270//1592 2269//1592 2271//1592
f 2270//1592 2271//1592 2272//1592
f 2272//1593 2271//1594 2273//1595
f 2272//1593 2273//1595 2274//1593
f 2274//1596 2273//1596 2275//1596
f 2274//1596 2275//1596 2276//1596
f 2276//1597 2275//1598 2277//1598
f 2276//1597 2277//1598 2278//1599
f 2278//1600 2277//1601 2210//1601
f 2278//1600 2210//1601 2209//1601
f 2208//1602 2207//1602 2279//1602
f 2208//1602 2279//1602 2280//1603
f 2280//1604 2279//1604 2281//1605
f 2280//1604 2281//1605 2282//1604
f 2282//1606 2281//1606 2283//1606
f 2282//1606 2283//1606 2284//1606
f 2284//1607 2283//1608 2285//1608
f 2284//1607 2285//1608 2286//1609
f 2286//1610 2285//1610 2287//1610
f 2286//1610 2287//1610 2288//1610
f 2288//1611 2287//1612 2289//1612
f 2288//1611 2289//1612 2290//1612
f 2290//1613 2289//1614 2291//1614
f 2290//1613 2291//1614 2292//1613
f 2292//1615 2291//1616 2293//1615
f 2292//1615 2293//1615 2294//1616
f 2294//1617 2293//1618 2295//1619
f 2294//1617 2295//1619 2296//1617
f 2296//725 2295//725 2297//1620
f 2296//725 2297//1620 2298//725
f 2298//1621 2297//1622 2299//1621
f 2298//1621 2299//1621 2300//1623
f 2300//1624 2299//1625 2301//1624
f 2300//1624 2301//1624 2302//1626
f 2302//1627 2301//1627 2303//1627
f 2302//1627 2303//1627 2304//1627
f 2304//1628 2303//1628 2305//1628
f 2304//1628 2305//1628 2306//1628
f 2306//1629 2305//1630 2307//1629
f 2306//1629 2307//1629 2308//1631
f 2308//1632 2307//1633 2309//1634
f 2308//1632 2309//1634 2310//1632
f 2310//1635 2309//1635 2246//1635
f 2310//1635 2246//1635 2245//1635
f 2140//1636 1032//1637 1060//1636
f 2140//1636 1060//1636 2311//1636
f 2311//1638 1060//1638 1059//1638
f 2311//1638 1059//1638 2312//1638
f 2312//1639 1059//1640 1008//1641
f 2312//1639 1008//1641 2313//1641
f 2313//1642 1008//1643 1007//1644
f 2313//1642 1007//1644 2314//1645
f 2314//1646 1007//1647 1006//1646
f 2314//1646 1006//1646 2315//1648
f 2315//1649 1006//1650 993//1651
f 2315//1649 993//1651 2316//1652
f 2316//1653 993//1654 992//1653
f 2316//1653 992//1653 2317//1654
f 2317//1655 992//1656 1013//1655
f 2317//1655 1013//1655 2318//1655
f 2318//1657 1013//1658 1012//1658
f 2318//1657 1012//1658 2319//1659
f 2319//1660 1012//1661 996//1661
f 2319//1660 996//1661 2320//1661
f 2320//1662 996//1663 995//1662
f 2320//1662 995//1662 2321//1662
f 2321//1664 995//1664 999//1665
f 2321//1664 999//1665 2322//1665
f 2322//1666 999//1667 998//1667
f 2322//1666 998//1667 2323//1666
f 2323//1668 998//1668 997//1669
f 2323//1668 997//1669 2324//1669
f 2324//1670 997//1671 1005//1670
f 2324//1670 1005//1670 2325//1670
f 2325//1672 1005//1673 1004//1672
f 2325//1672 1004//1672 2157//1673
f 2123//1 2124//1 2244//1
f 2244//1 2124//1 2242//1
f 2242//1 2124//1 2125//1
f 2242//1 2125//1 2240//1
f 2240//1 2125//1 2126//1
f 2240//1 2126//1 2238//1
f 2238//1 2126//1 2127//1
f 2238//1 2127//1 2236//1
f 2244//1 2173//1 2123//1
f 2123//1 2173//1 2176//1
f 2123//1 2176//1 2156//1
f 2156//1 2176//1 2178//1
f 2156//1 2178//1 2155//1
f 2158//1 2159//1 2304//1
f 2304//1 2159//1 2302//1
f 2302//1 2159//1 2160//1
f 2302//1 2160//1 2300//1
f 2300//1 2160//1 2161//1
f 2300//1 2161//1 2298//1
f 2324//1 2254//1 2323//1
f 2323//1 2254//1 2256//1
f 2323//1 2256//1 2322//1
f 2256//1 2258//1 2322//1
f 2322//1 2258//1 2260//1
f 2322//1 2260//1 2321//1
f 2321//1 2260//1 2262//1
f 2321//1 2262//1 2320//1
f 2320//1 2262//1 2264//1
f 2320//1 2264//1 2319//1
f 2319//1 2264//1 2266//1
f 2319//1 2266//1 2318//1
f 2318//1 2266//1 2268//1
f 2318//1 2268//1 2317//1
f 2317//1 2268//1 2270//1
f 2317//1 2270//1 2316//1
f 2316//1 2270//1 2272//1
f 2316//1 2272//1 2315//1
f 2315//1 2272//1 2274//1
f 2315//1 2274//1 2314//1
f 2314//1 2274//1 2276//1
f 2236//1 2127//1 2234//1
f 2234//1 2127//1 2128//1
f 2234//1 2128//1 2232//1
f 2232//1 2128//1 2129//1
f 2232//1 2129//1 2230//1
f 2230//1 2129//1 2130//1
f 2230//1 2130//1 2228//1
f 2228//1 2130//1 2131//1
f 2228//1 2131//1 2226//1
f 2226//1 2131//1 2132//1
f 2226//1 2132//1 2224//1
f 2224//1 2132//1 2133//1
f 2224//1 2133//1 2222//1
f 2222//1 2133//1 2134//1
f 2222//1 2134//1 2220//1
f 2220//1 2134//1 2135//1
f 2220//1 2135//1 2218//1
f 2218//1 2135//1 2136//1
f 2218//1 2136//1 2216//1
f 2216//1 2136//1 2137//1
f 2216//1 2137//1 2214//1
f 2286//1 2168//1 2284//1
f 2284//1 2168//1 2169//1
f 2284//1 2169//1 2282//1
f 2178//1 2180//1 2155//1
f 2155//1 2180//1 2182//1
f 2155//1 2182//1 2154//1
f 2154//1 2182//1 2184//1
f 2154//1 2184//1 2153//1
f 2169//1 2170//1 2282//1
f 2282//1 2170//1 2171//1
f 2282//1 2171//1 2280//1
f 2280//1 2171//1 2172//1
f 2280//1 2172//1 2208//1
f 2298//1 2161//1 2296//1
f 2296//1 2161//1 2162//1
f 2296//1 2162//1 2294//1
f 2294//1 2162//1 2163//1
f 2294//1 2163//1 2292//1
f 2292//1 2163//1 2164//1
f 2292//1 2164//1 2290//1
f 2290//1 2164//1 2165//1
f 2290//1 2165//1 2288//1
f 2288//1 2165//1 2166//1
f 2288//1 2166//1 2286//1
f 2286//1 2166//1 2167//1
f 2286//1 2167//1 2168//1
f 2310//1 2157//1 2308//1
f 2308//1 2157//1 2158//1
f 2308//1 2158//1 2306//1
f 2306//1 2158//1 2304//1
f 2310//1 2245//1 2157//1
f 2157//1 2245//1 2248//1
f 2157//1 2248//1 2325//1
f 2325//1 2248//1 2250//1
f 2325//1 2250//1 2324//1
f 2324//1 2250//1 2252//1
f 2324//1 2252//1 2254//1
f 2184//1 2186//1 2153//1
f 2153//1 2186//1 2188//1
f 2153//1 2188//1 2152//1
f 2152//1 2188//1 2190//1
f 2152//1 2190//1 2151//1
f 2151//1 2190//1 2192//1
f 2151//1 2192//1 2150//1
f 2150//1 2192//1 2194//1
f 2150//1 2194//1 2149//1
f 2149//1 2194//1 2196//1
f 2149//1 2196//1 2148//1
f 2148//1 2196//1 2198//1
f 2148//1 2198//1 2147//1
f 2147//1 2198//1 2200//1
f 2147//1 2200//1 2146//1
f 2146//1 2200//1 2202//1
f 2146//1 2202//1 2145//1
f 2145//1 2202//1 2204//1
f 2137//1 2138//1 2214//1
f 2214//1 2138//1 2139//1
f 2214//1 2139//1 2212//1
f 2212//1 2139//1 2140//1
f 2212//1 2140//1 2209//1
f 2209//1 2140//1 2311//1
f 2209//1 2311//1 2278//1
f 2278//1 2311//1 2312//1
f 2278//1 2312//1 2276//1
f 2276//1 2312//1 2313//1
f 2276//1 2313//1 2314//1
f 2172//1 2141//1 2208//1
f 2208//1 2141//1 2142//1
f 2208//1 2142//1 2206//1
f 2206//1 2142//1 2143//1
f 2206//1 2143//1 2204//1
f 2204//1 2143//1 2144//1
f 2204//1 2144//1 2145//1
f 2279//1 2207//1 2246//1
f 2211//1 2210//1 2207//1
f 2246//1 2207//1 2247//1
f 2241//1 2239//1 2205//1
f 2211//1 2207//1 2213//1
f 2213//1 2207//1 2205//1
f 2213//1 2205//1 2215//1
f 2210//1 2277//1 2207//1
f 2207//1 2277//1 2275//1
f 2207//1 2275//1 2273//1
f 2246//1 2309//1 2279//1
f 2279//1 2309//1 2307//1
f 2279//1 2307//1 2305//1
f 2175//1 2203//1 2201//1
f 2241//1 2205//1 2243//1
f 2239//1 2237//1 2205//1
f 2205//1 2237//1 2235//1
f 2205//1 2235//1 2233//1
f 2233//1 2231//1 2205//1
f 2205//1 2231//1 2229//1
f 2205//1 2229//1 2227//1
f 2221//1 2219//1 2205//1
f 2205//1 2219//1 2217//1
f 2205//1 2217//1 2215//1
f 2293//1 2291//1674 2289//1
f 2285//1 2283//1 2299//1
f 2299//1 2283//1 2281//1
f 2299//1 2281//1 2279//1
f 2203//1 2175//1 2205//1
f 2205//1 2175//1 2174//1
f 2205//1 2174//1 2243//1
f 2227//1 2225//1 2205//1
f 2205//1 2225//1 2223//1
f 2205//1 2223//1 2221//1
f 2207//1 2255//1 2253//1
f 2305//1 2303//1 2279//1
f 2279//1 2303//1 2301//1
f 2279//1 2301//1 2299//1
f 2185//1 2183//1 2197//1
f 2197//1 2183//1 2181//1
f 2197//1 2181//1 2179//1
f 2285//1 2299//1 2287//1
f 2287//1 2299//1 2297//1
f 2287//1 2297//1 2289//1
f 2289//1 2297//1 2295//1379
f 2289//1 2295//1379 2293//1
f 2193//1 2191//1379 2195//1
f 2195//1 2191//1379 2189//1
f 2195//1 2189//1 2197//1
f 2197//1 2189//1 2187//469
f 2197//1 2187//469 2185//1
f 2201//1 2199//1 2175//1
f 2175//1 2199//1 2197//1
f 2175//1 2197//1 2177//1
f 2177//1 2197//1 2179//1
f 2273//1 2271//1 2207//1
f 2207//1 2271//1 2269//1
f 2207//1 2269//1 2267//1
f 2253//1 2251//1 2207//1
f 2207//1 2251//1 2249//1
f 2207//1 2249//1 2247//1
f 2267//1 2265//1 2207//1
f 2207//1 2265//1 2263//1
f 2207//1 2263//1 2261//1
f 2261//1 2259//1 2207//1
f 2207//1 2259//1 2257//1
f 2207//1 2257//1 2255//1
f 2326//43 2327//43 1071//43
f 1071//43 2327//43 1074//43
f 2327//127 2328//127 1074//127
f 1074//127 2328//127 1072//127
f 2328//43 2329//43 1072//43
f 1072//43 2329//43 1073//43
f 2329//127 2330//127 1073//127
f 1073//127 2330//127 1075//127
f 2330//338 2331//338 1075//338
f 1075//338 2331//338 1076//338
f 2331//2 2332//2 1076//2
f 1076//2 2332//2 1078//2
f 2332//43 2333//43 1078//43
f 1078//43 2333//43 1070//43
f 2333//127 2334//127 1070//127
f 1070//127 2334//127 1068//127
f 2334//43 2335//43 1068//43
f 1068//43 2335//43 1069//43
f 2335//2 2326//2 1069//2
f 1069//2 2326//2 1071//2
f 2327//1 2326//1 2328//1
f 2328//1 2326//1 2335//1
f 2333//1 2332//1 2334//1
f 2334//1 2332//1 2331//1
f 2334//1 2331//1 2335//1
f 2335//1 2331//1 2330//1
f 2335//1 2330//1 2328//1
f 2328//1 2330//1 2329//1
f 1612//474 1613//474 1531//474
f 1531//474 1613//474 1532//474
f 1087//1 1086//1 1123//1
f 1123//1 1086//1 1122//1
f 1086//43 1088//43 1122//43
f 1122//43 1088//43 1121//43
f 136//3 823//3 108//3
f 824//43 823//43 168//43
f 168//43 823//43 136//43
f 831//43 835//43 837//43
f 835//43 831//43 834//43
f 834//43 831//43 813//43
f 834//43 813//43 839//43
f 839//43 813//43 818//43
f 839//43 818//43 837//43
f 837//43 818//43 870//43
f 837//43 870//43 831//43
f 870//1675 827//1675 831//723
f 831//723 827//1675 829//723
f 1543//1676 1614//1677 77//1678
f 77//1678 1614//1677 2336//1679
f 77//1678 74//1676 1548//1676
f 1533//1676 1543//1676 1531//1680
f 1531//1680 1543//1676 77//1678
f 1531//1680 77//1678 1612//1681
f 1612//1681 77//1678 1548//1676
f 285//338 270//338 286//338
f 286//338 270//338 269//338
f 1136//43 1137//43 277//43
f 277//43 1137//43 273//43
f 1131//3 1132//3 277//3
f 277//3 1132//3 1133//3
f 285//3 284//3 270//3
f 270//3 284//3 1126//3
f 270//3 1126//3 1127//3
f 1127//3 1128//3 270//3
f 270//3 1128//3 1129//3
f 270//3 1129//3 277//3
f 277//3 1129//3 1130//3
f 277//3 1130//3 1131//3
f 1133//3 1134//3 277//3
f 277//3 1134//3 1135//3
f 277//3 1135//3 1136//3
f 889//338 891//338 265//338
f 265//338 891//338 261//338
f 128//1 126//1 258//1
f 253//1 132//1 258//1
f 258//1 132//1 130//1
f 258//1 130//1 128//1
f 126//1 124//1 258//1
f 258//1 124//1 122//1
f 258//1 122//1 265//1
f 265//1 122//1 120//1
f 265//1 120//1 118//1
f 112//1 889//1 114//1
f 114//1 889//1 265//1
f 114//1 265//1 116//1
f 116//1 265//1 118//1
f 257//43 251//43 258//43
f 258//43 251//43 253//43
f 4//2 2336//2 5//2
f 5//2 2336//2 1614//2
f 4//338 37//338 2336//338
f 2336//338 37//338 71//338
f 2336//338 71//338 77//338
